inf,inf,inf,inf,inf,inf,inf,inf,inf,inf,inf,0.50,0.51,0.50,0.51,0.52,0.54,0.52,inf,inf,inf,inf,inf,inf,inf,inf,inf,inf,inf,inf,inf,inf,inf,inf,inf,inf,inf,inf,inf,inf,inf,inf,inf,inf,inf,inf,inf,inf,inf,inf,inf,inf,inf,inf,inf,inf,inf,inf,inf,inf,inf,inf,inf,inf,inf,inf,inf,inf,inf,inf,inf,inf,inf,inf,inf,inf,inf,inf,inf,inf,inf,inf,inf,inf,inf,inf,inf,inf,inf,inf,inf,inf,inf,inf,inf,inf,inf,inf,inf,inf,inf,inf,inf,inf,inf,inf,inf,inf,inf,inf,inf,inf,inf,inf,inf,inf,inf,inf,inf,inf,inf
inf,inf,inf,inf,inf,inf,inf,inf,0.52,0.54,0.52,0.53,0.53,0.53,0.55,0.55,0.55,0.55,0.54,0.54,0.54,0.55,0.54,0.55,0.55,inf,inf,inf,inf,inf,inf,inf,inf,inf,inf,inf,inf,inf,inf,inf,inf,inf,inf,inf,inf,inf,inf,inf,inf,inf,inf,inf,inf,inf,inf,inf,inf,inf,inf,inf,inf,inf,inf,inf,inf,inf,inf,inf,inf,inf,inf,inf,inf,inf,inf,inf,inf,inf,inf,inf,inf,inf,inf,inf,inf,inf,inf,inf,inf,inf,inf,inf,inf,inf,inf,inf,inf,inf,inf,inf,inf,inf,inf,inf,inf,inf,inf,inf,inf,inf,inf,inf,inf,inf,inf,inf,inf,inf,inf,inf,inf
inf,inf,inf,inf,inf,inf,inf,0.55,0.55,0.60,0.58,0.58,0.59,0.60,0.61,0.59,0.59,0.60,0.58,0.58,0.62,0.64,0.58,0.56,0.58,0.54,0.52,0.50,0.51,0.51,0.52,0.52,inf,inf,inf,inf,inf,inf,inf,inf,inf,inf,inf,inf,inf,inf,inf,inf,inf,inf,inf,inf,inf,inf,inf,inf,inf,inf,inf,inf,inf,inf,inf,inf,inf,inf,inf,inf,inf,inf,inf,inf,inf,inf,inf,inf,inf,inf,inf,inf,inf,inf,inf,inf,inf,inf,inf,inf,inf,inf,inf,inf,inf,inf,inf,inf,inf,inf,inf,inf,inf,inf,inf,inf,inf,inf,inf,inf,inf,inf,inf,inf,inf,inf,inf,inf,inf,inf,inf,inf,inf
inf,inf,inf,inf,inf,0.57,0.57,0.60,0.62,0.59,0.57,0.56,0.56,0.59,0.57,0.56,0.57,0.58,0.60,0.65,0.63,0.65,0.63,0.61,0.61,0.58,0.57,0.56,0.55,0.53,0.53,0.54,0.54,0.54,0.55,0.56,0.57,0.57,0.56,0.57,0.58,inf,inf,inf,inf,inf,inf,inf,inf,inf,inf,inf,inf,inf,inf,inf,inf,inf,inf,inf,inf,inf,inf,inf,inf,inf,inf,inf,inf,inf,inf,inf,inf,inf,inf,inf,inf,inf,inf,inf,inf,inf,inf,inf,inf,inf,inf,inf,inf,inf,inf,inf,inf,inf,inf,inf,inf,inf,inf,inf,inf,inf,inf,inf,inf,inf,inf,inf,inf,inf,inf,inf,inf,inf,inf,inf,inf,inf,inf,inf,inf
inf,inf,inf,inf,inf,0.59,0.64,0.65,0.60,0.55,0.54,0.54,0.53,0.53,0.53,0.52,0.53,0.56,0.57,0.58,0.56,0.60,0.62,0.59,0.59,0.60,0.59,0.59,0.61,0.59,0.59,0.59,0.59,0.58,0.60,0.60,0.58,0.60,0.59,0.61,0.60,0.61,0.60,0.59,0.58,0.57,0.55,0.52,0.52,inf,inf,inf,inf,inf,inf,inf,inf,inf,inf,inf,inf,inf,inf,inf,inf,inf,inf,inf,inf,inf,inf,inf,inf,inf,inf,inf,inf,inf,inf,inf,inf,inf,inf,inf,inf,inf,inf,inf,inf,inf,inf,inf,inf,inf,inf,inf,inf,inf,inf,inf,inf,inf,inf,inf,inf,inf,inf,inf,inf,inf,inf,inf,inf,inf,inf,inf,inf,inf,inf,inf,inf
inf,inf,inf,inf,inf,0.61,0.66,0.66,0.58,0.55,0.55,0.54,0.54,0.53,0.53,0.53,0.52,0.52,0.53,0.57,0.56,0.57,0.61,0.61,0.57,0.56,0.55,0.56,0.57,0.59,0.61,0.62,0.65,0.65,0.65,0.65,0.64,0.68,0.68,0.67,0.67,0.69,0.71,0.65,0.63,0.59,0.56,0.55,0.53,0.53,0.52,0.49,0.46,0.46,inf,inf,inf,inf,inf,inf,inf,inf,inf,inf,inf,inf,inf,inf,inf,inf,inf,inf,inf,inf,inf,inf,inf,inf,inf,inf,inf,inf,inf,inf,inf,inf,inf,inf,inf,inf,inf,inf,inf,inf,inf,inf,inf,inf,inf,inf,inf,inf,inf,inf,inf,inf,inf,inf,inf,inf,inf,inf,inf,inf,inf,inf,inf,inf,inf,inf,inf
inf,inf,inf,inf,0.57,0.61,0.68,0.65,0.57,0.55,0.56,0.55,0.55,0.55,0.55,0.53,0.53,0.53,0.54,0.61,0.60,0.58,0.60,0.60,0.57,0.56,0.54,0.52,0.53,0.56,0.57,0.56,0.59,0.61,0.59,0.60,0.60,0.65,0.68,0.69,0.69,0.69,0.71,0.71,0.71,0.65,0.61,0.60,0.58,0.58,0.60,0.53,0.52,0.49,0.48,0.50,0.50,0.50,0.50,inf,inf,inf,inf,inf,inf,inf,inf,inf,inf,inf,inf,inf,inf,inf,inf,inf,inf,inf,inf,inf,inf,inf,inf,inf,inf,inf,inf,inf,inf,inf,inf,inf,inf,inf,inf,inf,inf,inf,inf,inf,inf,inf,inf,inf,inf,inf,inf,inf,inf,inf,inf,inf,inf,inf,inf,inf,inf,inf,inf,inf,inf
inf,inf,inf,inf,0.58,0.62,0.67,0.63,0.56,0.56,0.56,0.55,0.55,0.56,0.55,0.55,0.54,0.56,0.56,0.59,0.61,0.60,0.59,0.60,0.58,0.56,0.53,0.53,0.52,0.54,0.53,0.53,0.52,0.53,0.54,0.58,0.60,0.58,0.59,0.61,0.60,0.63,0.66,0.68,0.73,0.71,0.66,0.68,0.67,0.69,0.76,0.67,0.59,0.57,0.52,0.55,0.55,0.55,0.53,0.53,0.52,0.53,0.53,0.53,0.55,inf,inf,inf,inf,inf,inf,inf,inf,inf,inf,inf,inf,inf,inf,inf,inf,inf,inf,inf,inf,inf,inf,inf,inf,inf,inf,inf,inf,inf,inf,inf,inf,inf,inf,inf,inf,inf,inf,inf,inf,inf,inf,inf,inf,inf,inf,inf,inf,inf,inf,inf,inf,inf,inf,inf,inf
inf,inf,inf,inf,0.61,0.63,0.68,0.67,0.58,0.56,0.55,0.54,0.55,0.57,0.59,0.58,0.58,0.56,0.59,0.57,0.58,0.61,0.61,0.61,0.60,0.58,0.53,0.52,0.51,0.53,0.54,0.52,0.52,0.55,0.55,0.61,0.59,0.54,0.53,0.53,0.54,0.56,0.59,0.63,0.63,0.68,0.65,0.68,0.70,0.71,0.70,0.66,0.66,0.63,0.65,0.64,0.62,0.63,0.60,0.61,0.59,0.58,0.57,0.56,0.57,0.55,0.56,0.57,0.57,inf,inf,inf,inf,inf,inf,inf,inf,inf,inf,inf,inf,inf,inf,inf,inf,inf,inf,inf,inf,inf,inf,inf,inf,inf,inf,inf,inf,inf,inf,inf,inf,inf,inf,inf,inf,inf,inf,inf,inf,inf,inf,inf,inf,inf,inf,inf,inf,inf,inf,inf,inf
inf,inf,inf,inf,0.60,0.65,0.70,0.65,0.56,0.55,0.53,0.53,0.54,0.58,0.62,0.61,0.59,0.59,0.60,0.61,0.59,0.61,0.62,0.62,0.60,0.55,0.55,0.54,0.52,0.54,0.57,0.55,0.55,0.56,0.55,0.54,0.54,0.54,0.54,0.53,0.55,0.58,0.59,0.58,0.58,0.61,0.63,0.64,0.66,0.68,0.66,0.66,0.65,0.67,0.69,0.70,0.71,0.69,0.68,0.68,0.67,0.68,0.67,0.67,0.65,0.63,0.61,0.60,0.57,0.60,0.60,0.61,0.63,0.62,inf,inf,inf,inf,inf,inf,inf,inf,inf,inf,inf,inf,inf,inf,inf,inf,inf,inf,inf,inf,inf,inf,inf,inf,inf,inf,inf,inf,inf,inf,inf,inf,inf,inf,inf,inf,inf,inf,inf,inf,inf,inf,inf,inf,inf,inf,inf
inf,inf,inf,inf,0.60,0.66,0.68,0.64,0.57,0.54,0.52,0.52,0.53,0.57,0.59,0.57,0.57,0.58,0.59,0.60,0.61,0.63,0.62,0.60,0.58,0.57,0.56,0.58,0.57,0.58,0.59,0.58,0.56,0.55,0.55,0.56,0.55,0.55,0.56,0.54,0.57,0.61,0.60,0.61,0.62,0.64,0.64,0.62,0.62,0.65,0.66,0.63,0.65,0.63,0.66,0.71,0.69,0.66,0.66,0.68,0.68,0.73,0.75,0.74,0.79,0.73,0.73,0.70,0.67,0.71,0.67,0.67,0.67,0.67,0.64,0.64,0.62,0.61,0.61,inf,inf,inf,inf,inf,inf,inf,inf,inf,inf,inf,inf,inf,inf,inf,inf,inf,inf,inf,inf,inf,inf,inf,inf,inf,inf,inf,inf,inf,inf,inf,inf,inf,inf,inf,inf,inf,inf,inf,inf,inf,inf
inf,inf,inf,inf,0.58,0.63,0.66,0.63,0.57,0.54,0.53,0.52,0.52,0.55,0.54,0.47,0.51,0.56,0.59,0.60,0.60,0.62,0.62,0.59,0.61,0.67,0.56,0.58,0.62,0.64,0.63,0.61,0.60,0.60,0.60,0.59,0.59,0.59,0.59,0.58,0.61,0.63,0.61,0.62,0.63,0.65,0.65,0.63,0.63,0.66,0.66,0.64,0.65,0.64,0.67,0.68,0.64,0.62,0.60,0.65,0.64,0.66,0.68,0.74,0.78,0.81,0.79,0.79,0.77,0.81,0.78,0.78,0.77,0.77,0.75,0.70,0.67,0.65,0.65,0.60,0.57,0.56,0.57,0.57,inf,inf,inf,inf,inf,inf,inf,inf,inf,inf,inf,inf,inf,inf,inf,inf,inf,inf,inf,inf,inf,inf,inf,inf,inf,inf,inf,inf,inf,inf,inf,inf,inf,inf,inf,inf,inf
inf,inf,inf,inf,0.57,0.61,0.64,0.62,0.56,0.54,0.53,0.53,0.52,0.51,0.51,0.50,0.48,0.54,0.58,0.60,0.60,0.62,0.61,0.60,0.62,0.67,0.61,0.60,0.65,0.66,0.64,0.61,0.60,0.63,0.61,0.61,0.62,0.62,0.63,0.63,0.63,0.65,0.63,0.63,0.63,0.65,0.64,0.65,0.66,0.66,0.66,0.64,0.63,0.63,0.63,0.65,0.63,0.60,0.60,0.62,0.64,0.62,0.61,0.65,0.66,0.73,0.74,0.76,0.80,0.83,0.84,0.81,0.82,0.81,0.77,0.76,0.73,0.74,0.74,0.72,0.66,0.62,0.60,0.59,0.61,0.59,0.60,0.59,0.59,inf,inf,inf,inf,inf,inf,inf,inf,inf,inf,inf,inf,inf,inf,inf,inf,inf,inf,inf,inf,inf,inf,inf,inf,inf,inf,inf,inf,inf,inf,inf,inf
inf,inf,inf,inf,0.58,0.60,0.63,0.63,0.58,0.55,0.54,0.54,0.52,0.50,0.50,0.52,0.52,0.54,0.56,0.58,0.60,0.61,0.60,0.61,0.61,0.65,0.67,0.65,0.65,0.67,0.65,0.63,0.64,0.64,0.63,0.63,0.63,0.63,0.64,0.65,0.64,0.65,0.64,0.63,0.64,0.65,0.65,0.66,0.66,0.66,0.65,0.64,0.61,0.61,0.63,0.63,0.63,0.62,0.62,0.63,0.65,0.63,0.62,0.63,0.62,0.63,0.65,0.69,0.73,0.77,0.77,0.78,0.77,0.79,0.76,0.77,0.76,0.78,0.80,0.81,0.74,0.70,0.70,0.69,0.70,0.71,0.68,0.66,0.64,0.66,0.64,0.66,0.63,0.64,inf,inf,inf,inf,inf,inf,inf,inf,inf,inf,inf,inf,inf,inf,inf,inf,inf,inf,inf,inf,inf,inf,inf,inf,inf,inf,inf
inf,inf,inf,inf,0.58,0.60,0.65,0.62,0.58,0.56,0.55,0.54,0.53,0.49,0.50,0.52,0.54,0.53,0.54,0.56,0.59,0.59,0.60,0.59,0.59,0.60,0.64,0.64,0.66,0.67,0.65,0.64,0.66,0.64,0.63,0.63,0.64,0.64,0.64,0.64,0.65,0.65,0.64,0.64,0.64,0.65,0.65,0.66,0.67,0.67,0.66,0.63,0.61,0.61,0.63,0.62,0.62,0.62,0.61,0.62,0.64,0.63,0.63,0.63,0.64,0.64,0.66,0.67,0.73,0.75,0.75,0.75,0.75,0.75,0.75,0.76,0.77,0.76,0.86,0.90,0.78,0.74,0.73,0.75,0.75,0.75,0.75,0.73,0.75,0.75,0.74,0.76,0.71,0.70,0.65,0.64,0.60,0.55,0.56,inf,inf,inf,inf,inf,inf,inf,inf,inf,inf,inf,inf,inf,inf,inf,inf,inf,inf,inf,inf,inf,inf
inf,inf,inf,inf,0.58,0.60,0.65,0.61,0.59,0.59,0.58,0.56,0.55,0.53,0.53,0.56,0.55,0.55,0.55,0.58,0.61,0.60,0.59,0.59,0.59,0.59,0.62,0.63,0.66,0.66,0.65,0.64,0.65,0.64,0.62,0.63,0.64,0.64,0.63,0.64,0.64,0.64,0.64,0.67,0.66,0.65,0.67,0.67,0.67,0.67,0.66,0.64,0.62,0.61,0.63,0.63,0.62,0.62,0.60,0.61,0.62,0.61,0.62,0.63,0.64,0.67,0.67,0.67,0.74,0.76,0.76,0.76,0.76,0.75,0.74,0.72,0.72,0.72,0.81,0.80,0.74,0.70,0.70,0.71,0.71,0.74,0.75,0.73,0.75,0.77,0.75,0.75,0.76,0.77,0.76,0.74,0.65,0.58,0.56,0.56,0.54,0.53,0.57,0.58,0.58,inf,inf,inf,inf,inf,inf,inf,inf,inf,inf,inf,inf,inf,inf,inf,inf
inf,inf,inf,inf,0.58,0.62,0.64,0.60,0.59,0.59,0.59,0.58,0.57,0.57,0.56,0.57,0.56,0.55,0.55,0.59,0.60,0.59,0.59,0.59,0.59,0.60,0.61,0.63,0.65,0.65,0.65,0.65,0.65,0.63,0.62,0.63,0.65,0.64,0.64,0.64,0.64,0.64,0.65,0.66,0.65,0.67,0.67,0.68,0.67,0.68,0.66,0.63,0.62,0.62,0.65,0.63,0.62,0.60,0.60,0.60,0.61,0.62,0.62,0.63,0.64,0.67,0.67,0.69,0.75,0.77,0.77,0.77,0.77,0.76,0.75,0.74,0.72,0.71,0.72,0.72,0.71,0.71,0.70,0.71,0.70,0.71,0.71,0.71,0.71,0.72,0.72,0.71,0.72,0.74,0.73,0.70,0.63,0.57,0.57,0.57,0.59,0.62,0.66,0.66,0.63,0.59,0.57,0.55,0.58,inf,inf,inf,inf,inf,inf,inf,inf,inf,inf,inf,inf
inf,inf,inf,inf,0.57,0.63,0.64,0.60,0.58,0.58,0.58,0.57,0.57,0.58,0.56,0.55,0.54,0.54,0.54,0.58,0.61,0.59,0.59,0.61,0.61,0.61,0.62,0.62,0.65,0.65,0.65,0.65,0.65,0.63,0.62,0.64,0.65,0.65,0.65,0.66,0.66,0.66,0.66,0.66,0.66,0.67,0.68,0.68,0.68,0.68,0.66,0.63,0.62,0.63,0.64,0.60,0.52,0.49,0.49,0.58,0.62,0.62,0.64,0.65,0.66,0.68,0.68,0.71,0.75,0.76,0.76,0.78,0.78,0.78,0.76,0.75,0.74,0.72,0.72,0.70,0.71,0.72,0.72,0.72,0.71,0.71,0.72,0.72,0.70,0.69,0.68,0.68,0.67,0.70,0.69,0.63,0.60,0.59,0.57,0.59,0.60,0.66,0.72,0.74,0.71,0.70,0.66,0.60,0.60,0.59,0.60,inf,inf,inf,inf,inf,inf,inf,inf,inf,inf
inf,inf,inf,inf,0.58,0.63,0.62,0.58,0.58,0.58,0.58,0.57,0.56,0.56,0.56,0.56,0.56,0.55,0.58,0.63,0.63,0.60,0.59,0.60,0.63,0.65,0.64,0.64,0.66,0.66,0.65,0.64,0.64,0.65,0.65,0.65,0.65,0.65,0.65,0.66,0.68,0.67,0.67,0.68,0.68,0.69,0.69,0.69,0.69,0.69,0.66,0.63,0.62,0.63,0.57,0.44,0.35,0.37,0.40,0.45,0.58,0.62,0.63,0.65,0.66,0.67,0.70,0.80,0.80,0.76,0.77,0.78,0.79,0.79,0.78,0.77,0.75,0.72,0.71,0.71,0.72,0.73,0.71,0.72,0.73,0.72,0.72,0.72,0.70,0.70,0.69,0.69,0.67,0.65,0.65,0.62,0.61,0.60,0.59,0.58,0.60,0.69,0.75,0.72,0.71,0.73,0.73,0.69,0.65,0.62,0.62,0.62,0.60,inf,inf,inf,inf,inf,inf,inf,inf
inf,inf,inf,inf,0.58,0.64,0.62,0.58,0.59,0.59,0.58,0.59,0.58,0.57,0.58,0.58,0.61,0.61,0.62,0.64,0.65,0.63,0.62,0.64,0.67,0.67,0.65,0.67,0.67,0.67,0.67,0.66,0.66,0.67,0.71,0.67,0.65,0.66,0.67,0.69,0.70,0.69,0.68,0.70,0.70,0.70,0.70,0.70,0.69,0.68,0.66,0.63,0.61,0.56,0.44,0.33,0.33,0.35,0.39,0.45,0.50,0.62,0.65,0.66,0.66,0.68,0.71,0.83,0.79,0.74,0.76,0.78,0.80,0.80,0.81,0.78,0.76,0.73,0.73,0.73,0.74,0.73,0.72,0.73,0.73,0.73,0.73,0.73,0.71,0.72,0.73,0.71,0.67,0.66,0.65,0.62,0.62,0.61,0.60,0.58,0.63,0.77,0.75,0.69,0.67,0.67,0.67,0.67,0.69,0.69,0.67,0.64,0.61,0.59,0.58,inf,inf,inf,inf,inf,inf
inf,inf,inf,0.60,0.62,0.65,0.61,0.58,0.59,0.60,0.61,0.60,0.59,0.59,0.60,0.63,0.65,0.69,0.75,0.72,0.71,0.74,0.71,0.72,0.72,0.70,0.67,0.67,0.68,0.67,0.68,0.66,0.66,0.70,0.70,0.67,0.67,0.68,0.71,0.71,0.70,0.70,0.69,0.69,0.69,0.70,0.69,0.69,0.68,0.68,0.67,0.65,0.59,0.40,0.33,0.36,0.38,0.44,0.45,0.50,0.53,0.54,0.61,0.67,0.68,0.69,0.69,0.70,0.71,0.73,0.75,0.77,0.78,0.79,0.80,0.79,0.76,0.75,0.75,0.76,0.76,0.74,0.72,0.73,0.73,0.74,0.74,0.76,0.76,0.77,0.75,0.72,0.69,0.67,0.66,0.65,0.64,0.63,0.60,0.60,0.64,0.73,0.75,0.63,0.62,0.62,0.63,0.64,0.68,0.70,0.70,0.68,0.65,0.62,0.58,0.56,0.54,inf,inf,inf,inf
inf,inf,inf,inf,0.66,0.63,0.59,0.59,0.58,0.60,0.61,0.61,0.61,0.62,0.68,0.73,0.76,0.83,0.92,0.92,0.88,0.91,0.85,0.84,0.82,0.81,0.77,0.76,0.73,0.71,0.68,0.67,0.68,0.71,0.73,0.68,0.69,0.71,0.72,0.72,0.70,0.70,0.69,0.68,0.68,0.69,0.70,0.69,0.68,0.67,0.65,0.61,0.48,0.35,0.39,0.50,0.54,0.58,0.60,0.57,0.54,0.50,0.49,0.58,0.68,0.70,0.71,0.73,0.74,0.82,0.81,0.78,0.79,0.82,0.82,0.82,0.81,0.78,0.78,0.78,0.77,0.76,0.72,0.74,0.77,0.76,0.79,0.80,0.78,0.76,0.77,0.73,0.71,0.69,0.68,0.67,0.65,0.62,0.61,0.61,0.62,0.63,0.63,0.64,0.62,0.61,0.61,0.61,0.61,0.63,0.65,0.64,0.63,0.62,0.60,0.58,0.54,0.52,0.50,inf,inf
inf,inf,inf,0.68,0.69,0.63,0.60,0.59,0.59,0.59,0.60,0.60,0.61,0.64,0.73,0.86,0.94,1.01,1.08,1.12,1.11,1.08,1.07,1.03,0.98,0.94,0.94,0.91,0.87,0.84,0.76,0.71,0.71,0.75,0.74,0.69,0.70,0.73,0.73,0.73,0.71,0.71,0.68,0.68,0.69,0.69,0.70,0.70,0.69,0.67,0.63,0.50,0.41,0.42,0.54,0.63,0.65,0.64,0.61,0.58,0.55,0.50,0.45,0.45,0.59,0.68,0.76,0.78,0.82,0.92,0.91,0.82,0.83,0.86,0.88,0.87,0.86,0.84,0.84,0.81,0.80,0.77,0.75,0.78,0.74,0.76,0.80,0.80,0.77,0.75,0.77,0.74,0.74,0.72,0.71,0.70,0.67,0.64,0.62,0.63,0.62,0.62,0.61,0.61,0.63,0.64,0.63,0.62,0.62,0.63,0.63,0.61,0.61,0.62,0.62,0.64,0.61,0.56,0.52,inf,inf
inf,inf,inf,inf,0.68,0.62,0.60,0.60,0.61,0.60,0.59,0.59,0.61,0.70,0.86,0.98,1.10,1.14,1.24,1.30,1.28,1.29,1.26,1.20,1.18,1.09,1.07,1.07,1.04,1.02,0.93,0.88,0.85,0.83,0.76,0.72,0.73,0.74,0.74,0.73,0.71,0.70,0.70,0.68,0.69,0.68,0.68,0.69,0.69,0.65,0.51,0.38,0.42,0.52,0.61,0.65,0.67,0.66,0.61,0.59,0.55,0.53,0.48,0.39,0.42,0.56,0.74,0.82,0.87,0.91,0.91,0.89,0.90,0.93,0.96,0.97,0.95,0.95,0.94,0.90,0.86,0.82,0.81,0.92,0.89,0.83,0.79,0.77,0.76,0.77,0.77,0.77,0.75,0.73,0.71,0.70,0.67,0.65,0.64,0.63,0.62,0.63,0.63,0.62,0.64,0.65,0.64,0.64,0.62,0.62,0.63,0.62,0.62,0.64,0.78,0.75,0.66,0.63,0.58,inf,inf
inf,inf,inf,0.63,0.65,0.60,0.60,0.60,0.66,0.63,0.60,0.61,0.65,0.77,0.95,1.08,1.23,1.31,1.39,1.43,1.46,1.46,1.43,1.42,1.35,1.29,1.25,1.23,1.24,1.18,1.13,1.06,1.05,0.98,0.90,0.80,0.74,0.73,0.74,0.73,0.75,0.76,0.73,0.71,0.69,0.67,0.65,0.66,0.64,0.49,0.42,0.41,0.52,0.63,0.65,0.66,0.66,0.66,0.60,0.59,0.62,0.62,0.58,0.48,0.41,0.45,0.55,0.74,0.88,0.95,0.97,0.97,0.99,1.04,1.07,1.09,1.08,1.06,1.06,1.04,1.01,0.91,0.93,0.98,0.97,0.94,0.85,0.81,0.82,0.81,0.80,0.78,0.76,0.75,0.72,0.69,0.67,0.64,0.63,0.63,0.63,0.64,0.64,0.64,0.64,0.66,0.65,0.64,0.64,0.64,0.64,0.64,0.63,0.65,0.74,0.66,0.65,0.65,0.62,0.56,inf
inf,inf,inf,0.64,0.66,0.60,0.61,0.63,0.79,0.65,0.60,0.62,0.67,0.80,1.05,1.21,1.36,1.47,1.52,1.58,1.60,1.59,1.61,1.58,1.51,1.47,1.42,1.38,1.36,1.32,1.27,1.27,1.24,1.18,1.07,0.92,0.79,0.75,0.72,0.75,0.80,0.78,0.75,0.71,0.67,0.65,0.65,0.58,0.54,0.45,0.45,0.51,0.61,0.68,0.68,0.69,0.69,0.69,0.61,0.59,0.65,0.67,0.69,0.63,0.53,0.44,0.45,0.59,0.82,0.96,1.03,1.04,1.09,1.12,1.17,1.18,1.19,1.17,1.16,1.15,1.10,1.05,1.06,1.05,1.08,1.04,1.04,0.95,0.92,0.89,0.84,0.80,0.78,0.75,0.72,0.70,0.67,0.66,0.64,0.63,0.64,0.65,0.64,0.64,0.64,0.65,0.65,0.65,0.64,0.66,0.65,0.65,0.64,0.64,0.62,0.62,0.62,0.65,0.63,0.56,0.54
inf,inf,inf,0.65,0.63,0.59,0.60,0.61,0.62,0.61,0.61,0.66,0.76,0.93,1.13,1.38,1.52,1.59,1.62,1.66,1.68,1.72,1.71,1.71,1.63,1.61,1.57,1.51,1.49,1.46,1.41,1.41,1.36,1.31,1.19,1.04,0.88,0.78,0.73,0.74,0.78,0.75,0.73,0.68,0.66,0.66,0.62,0.53,0.50,0.49,0.57,0.62,0.66,0.68,0.69,0.71,0.73,0.76,0.67,0.58,0.63,0.67,0.69,0.72,0.67,0.61,0.49,0.50,0.63,0.81,0.98,1.09,1.15,1.20,1.23,1.24,1.24,1.24,1.24,1.22,1.19,1.17,1.17,1.15,1.18,1.17,1.16,1.12,1.07,1.04,0.95,0.85,0.80,0.76,0.74,0.71,0.68,0.66,0.65,0.66,0.65,0.65,0.65,0.65,0.66,0.66,0.65,0.65,0.65,0.66,0.66,0.66,0.65,0.63,0.62,0.63,0.61,0.60,0.61,0.57,0.57
inf,inf,inf,0.62,0.63,0.59,0.60,0.61,0.61,0.63,0.64,0.68,0.82,1.04,1.24,1.43,1.62,1.70,1.71,1.71,1.74,1.87,1.84,1.76,1.77,1.80,1.67,1.59,1.58,1.53,1.48,1.46,1.44,1.37,1.30,1.16,0.98,0.82,0.74,0.72,0.72,0.72,0.71,0.67,0.68,0.65,0.56,0.52,0.55,0.60,0.65,0.65,0.68,0.69,0.72,0.75,0.77,0.80,0.73,0.61,0.60,0.64,0.69,0.78,0.80,0.71,0.62,0.50,0.52,0.64,0.81,0.97,1.17,1.25,1.27,1.28,1.27,1.28,1.26,1.25,1.21,1.20,1.20,1.20,1.22,1.23,1.21,1.19,1.16,1.13,1.06,1.01,0.91,0.83,0.76,0.72,0.70,0.69,0.67,0.67,0.65,0.65,0.65,0.66,0.66,0.66,0.66,0.66,0.67,0.67,0.67,0.67,0.66,0.64,0.63,0.63,0.62,0.60,0.61,0.58,0.57
inf,inf,inf,0.58,0.63,0.59,0.59,0.61,0.61,0.61,0.65,0.75,0.89,1.10,1.33,1.53,1.69,1.80,1.82,1.74,1.75,1.80,1.82,1.74,1.75,1.77,1.64,1.70,1.67,1.57,1.62,1.52,1.58,1.48,1.34,1.25,1.06,0.85,0.74,0.72,0.70,0.68,0.66,0.68,0.69,0.60,0.55,0.54,0.59,0.62,0.66,0.68,0.72,0.74,0.75,0.78,0.79,0.80,0.76,0.64,0.63,0.64,0.69,0.83,0.82,0.82,0.81,0.64,0.51,0.54,0.63,0.79,1.00,1.17,1.28,1.28,1.23,1.15,1.12,1.11,1.08,1.08,1.11,1.13,1.17,1.15,1.15,1.14,1.16,1.16,1.19,1.12,1.04,0.96,0.86,0.78,0.74,0.72,0.67,0.65,0.63,0.64,0.65,0.66,0.67,0.67,0.66,0.67,0.68,0.68,0.67,0.67,0.67,0.65,0.63,0.63,0.62,0.61,0.61,0.60,0.58
inf,inf,inf,0.57,0.58,0.57,0.57,0.57,0.57,0.61,0.65,0.76,0.90,1.12,1.35,1.57,1.71,1.81,1.80,1.73,1.74,1.73,1.75,1.82,1.71,1.68,1.64,1.64,1.61,1.60,1.60,1.54,1.53,1.48,1.39,1.25,1.08,0.86,0.72,0.71,0.68,0.66,0.66,0.68,0.66,0.59,0.57,0.57,0.58,0.59,0.63,0.72,0.74,0.77,0.81,0.83,0.81,0.81,0.75,0.64,0.64,0.66,0.69,0.73,0.79,0.85,0.91,0.87,0.68,0.60,0.56,0.66,0.81,0.99,1.13,1.16,1.08,0.97,0.94,0.89,0.87,0.93,0.93,0.95,0.95,0.99,1.02,0.99,1.00,1.07,1.12,1.15,1.12,1.04,0.98,0.89,0.80,0.74,0.68,0.63,0.61,0.63,0.65,0.65,0.66,0.67,0.66,0.66,0.67,0.67,0.67,0.66,0.65,0.64,0.64,0.64,0.63,0.64,0.65,0.59,inf
inf,inf,inf,0.53,0.57,0.56,0.55,0.55,0.56,0.58,0.64,0.74,0.90,1.11,1.32,1.54,1.69,1.73,1.73,1.73,1.71,1.69,1.70,1.71,1.66,1.64,1.62,1.58,1.54,1.52,1.51,1.49,1.48,1.48,1.45,1.27,1.09,0.87,0.76,0.71,0.68,0.66,0.66,0.65,0.62,0.59,0.59,0.57,0.58,0.59,0.60,0.64,0.74,0.80,0.83,0.84,0.83,0.81,0.73,0.66,0.65,0.68,0.70,0.75,0.80,0.85,0.94,0.96,0.91,0.76,0.65,0.61,0.71,0.79,0.90,1.01,0.91,0.79,0.72,0.70,0.67,0.70,0.72,0.74,0.75,0.83,0.82,0.78,0.84,0.88,0.94,0.98,1.02,1.07,1.09,1.03,0.94,0.82,0.76,0.68,0.63,0.64,0.64,0.65,0.65,0.66,0.66,0.66,0.68,0.68,0.67,0.66,0.64,0.63,0.63,0.62,0.63,0.69,0.66,0.58,inf
inf,inf,inf,0.51,0.55,0.53,0.56,0.62,0.56,0.58,0.63,0.73,0.86,1.04,1.24,1.45,1.62,1.68,1.70,1.76,1.72,1.67,1.66,1.65,1.63,1.60,1.54,1.50,1.45,1.43,1.40,1.36,1.35,1.39,1.36,1.25,1.06,0.87,0.72,0.70,0.73,0.69,0.66,0.62,0.60,0.60,0.60,0.58,0.58,0.59,0.58,0.60,0.65,0.75,0.82,0.84,0.81,0.74,0.67,0.66,0.66,0.68,0.71,0.77,0.84,0.90,0.97,1.05,1.01,0.93,0.82,0.67,0.63,0.64,0.74,0.77,0.76,0.60,0.55,0.50,0.47,0.50,0.51,0.55,0.56,0.59,0.63,0.62,0.65,0.71,0.75,0.80,0.84,0.96,1.06,1.08,1.04,0.96,0.85,0.75,0.66,0.63,0.64,0.65,0.66,0.66,0.66,0.67,0.67,0.67,0.65,0.64,0.63,0.64,0.64,0.61,0.64,0.67,0.67,0.58,inf
inf,inf,inf,0.51,0.55,0.55,0.61,0.72,0.57,0.57,0.62,0.70,0.81,0.94,1.13,1.31,1.48,1.56,1.62,1.64,1.65,1.58,1.58,1.57,1.51,1.43,1.36,1.29,1.26,1.19,1.18,1.17,1.19,1.15,1.16,1.08,0.96,0.82,0.71,0.69,0.68,0.66,0.63,0.60,0.60,0.60,0.60,0.59,0.59,0.59,0.59,0.60,0.62,0.67,0.73,0.76,0.72,0.67,0.64,0.65,0.65,0.69,0.72,0.79,0.86,0.95,1.02,1.10,1.14,1.12,0.97,0.80,0.65,0.55,0.52,0.56,0.59,0.44,0.39,0.36,0.35,0.35,0.38,0.41,0.43,0.44,0.47,0.46,0.50,0.55,0.60,0.63,0.70,0.83,0.93,1.05,1.07,1.07,0.97,0.82,0.72,0.66,0.63,0.64,0.65,0.65,0.69,0.80,0.70,0.65,0.64,0.64,0.63,0.64,0.62,0.63,0.63,0.66,0.65,0.57,inf
inf,inf,inf,0.51,0.53,0.53,0.54,0.55,0.54,0.57,0.60,0.65,0.70,0.87,1.02,1.20,1.29,1.33,1.41,1.43,1.47,1.45,1.39,1.35,1.31,1.24,1.13,1.07,1.04,0.96,0.96,0.93,0.97,0.95,0.96,0.90,0.81,0.71,0.69,0.69,0.64,0.62,0.61,0.61,0.61,0.62,0.60,0.60,0.60,0.60,0.62,0.62,0.61,0.63,0.65,0.65,0.66,0.66,0.66,0.66,0.66,0.67,0.71,0.79,0.89,0.99,1.07,1.14,1.20,1.21,1.09,0.95,0.68,0.53,0.45,0.38,0.38,0.34,0.30,0.27,0.27,0.28,0.32,0.34,0.36,0.37,0.38,0.37,0.38,0.40,0.42,0.48,0.56,0.65,0.77,0.90,1.05,1.13,1.06,0.90,0.76,0.70,0.65,0.63,0.64,0.64,0.69,0.77,0.65,0.64,0.64,0.63,0.63,0.62,0.66,0.65,0.63,0.65,0.63,0.57,inf
inf,inf,inf,0.53,0.53,0.52,0.51,0.50,0.53,0.57,0.58,0.60,0.64,0.76,0.87,0.97,1.06,1.08,1.16,1.18,1.22,1.17,1.18,1.11,1.07,0.99,0.93,0.87,0.85,0.80,0.79,0.80,0.80,0.78,0.78,0.72,0.70,0.66,0.65,0.65,0.61,0.62,0.62,0.62,0.61,0.62,0.62,0.60,0.60,0.61,0.62,0.61,0.62,0.63,0.63,0.64,0.64,0.64,0.65,0.66,0.66,0.67,0.71,0.80,0.92,1.03,1.12,1.19,1.26,1.29,1.20,1.05,0.81,0.58,0.41,0.32,0.26,0.24,0.24,0.22,0.24,0.28,0.31,0.33,0.34,0.35,0.35,0.35,0.34,0.35,0.34,0.37,0.43,0.55,0.64,0.82,0.97,1.10,1.11,0.97,0.85,0.76,0.68,0.65,0.67,0.75,0.64,0.62,0.62,0.62,0.62,0.62,0.62,0.61,0.76,0.73,0.65,0.67,0.61,0.58,inf
inf,inf,inf,0.52,0.54,0.51,0.49,0.49,0.51,0.54,0.56,0.58,0.60,0.65,0.71,0.77,0.89,0.92,0.96,0.95,1.01,0.98,0.95,0.91,0.85,0.79,0.76,0.71,0.71,0.72,0.72,0.72,0.73,0.73,0.72,0.69,0.66,0.64,0.62,0.59,0.61,0.63,0.64,0.63,0.63,0.63,0.64,0.62,0.61,0.62,0.61,0.61,0.62,0.64,0.64,0.63,0.64,0.64,0.64,0.66,0.67,0.68,0.72,0.81,0.95,1.07,1.15,1.24,1.29,1.31,1.22,1.06,0.87,0.63,0.42,0.23,0.14,0.14,0.16,0.21,0.21,0.25,0.30,0.32,0.33,0.33,0.32,0.33,0.34,0.33,0.32,0.30,0.33,0.40,0.55,0.74,0.91,1.02,1.12,1.07,0.94,0.80,0.72,0.66,0.65,0.68,0.62,0.61,0.62,0.61,0.61,0.61,0.61,0.61,0.67,0.74,0.67,0.66,0.63,0.58,inf
inf,inf,inf,0.50,0.55,0.52,0.46,0.48,0.50,0.52,0.56,0.56,0.57,0.59,0.61,0.67,0.72,0.74,0.75,0.80,0.79,0.78,0.76,0.71,0.67,0.68,0.67,0.68,0.70,0.71,0.71,0.71,0.71,0.69,0.66,0.64,0.59,0.53,0.55,0.56,0.60,0.64,0.65,0.65,0.64,0.65,0.65,0.64,0.63,0.62,0.61,0.60,0.62,0.65,0.65,0.63,0.64,0.64,0.64,0.67,0.67,0.67,0.74,0.86,0.98,1.07,1.19,1.27,1.32,1.29,1.14,0.97,0.76,0.56,0.37,0.13,0.01,0.00,0.07,0.17,0.19,0.23,0.28,0.31,0.31,0.32,0.32,0.32,0.33,0.31,0.31,0.30,0.30,0.33,0.44,0.62,0.80,0.93,1.07,1.09,1.00,0.87,0.77,0.70,0.66,0.64,0.62,0.61,0.61,0.62,0.60,0.60,0.60,0.62,0.63,0.64,0.67,0.69,0.62,0.58,inf
inf,inf,inf,0.48,0.54,0.52,0.46,0.48,0.52,0.55,0.56,0.55,0.55,0.56,0.56,0.55,0.60,0.58,0.61,0.63,0.63,0.61,0.61,0.61,0.63,0.65,0.67,0.70,0.71,0.70,0.69,0.65,0.62,0.51,0.46,0.44,0.44,0.48,0.53,0.57,0.62,0.65,0.66,0.67,0.66,0.67,0.67,0.65,0.64,0.63,0.62,0.61,0.62,0.63,0.64,0.64,0.65,0.66,0.66,0.76,0.69,0.67,0.76,0.86,0.98,1.09,1.19,1.27,1.31,1.22,1.08,0.88,0.67,0.49,0.34,0.13,0.04,0.05,0.05,0.12,0.17,0.21,0.26,0.28,0.30,0.31,0.31,0.32,0.32,0.31,0.29,0.28,0.29,0.29,0.37,0.52,0.71,0.86,1.02,1.10,1.05,0.92,0.81,0.74,0.68,0.65,0.62,0.61,0.60,0.60,0.61,0.60,0.61,0.61,0.63,0.63,0.68,0.68,0.60,0.57,inf
inf,inf,inf,0.48,0.52,0.51,0.46,0.47,0.51,0.53,0.54,0.54,0.53,0.53,0.51,0.49,0.51,0.51,0.52,0.56,0.57,0.55,0.56,0.60,0.61,0.60,0.61,0.58,0.58,0.51,0.47,0.43,0.39,0.37,0.37,0.41,0.45,0.54,0.58,0.61,0.64,0.66,0.67,0.68,0.67,0.67,0.68,0.66,0.65,0.64,0.63,0.62,0.63,0.62,0.64,0.65,0.66,0.66,0.64,0.70,0.71,0.66,0.75,0.87,0.99,1.11,1.21,1.27,1.27,1.20,1.00,0.77,0.58,0.41,0.26,0.13,0.11,0.09,0.10,0.13,0.17,0.19,0.23,0.27,0.29,0.30,0.31,0.31,0.31,0.30,0.28,0.27,0.27,0.29,0.31,0.48,0.61,0.79,0.93,1.06,1.09,1.00,0.88,0.78,0.72,0.67,0.62,0.60,0.60,0.60,0.61,0.61,0.61,0.62,0.62,0.62,0.66,0.67,0.61,0.57,inf
inf,inf,inf,0.50,0.52,0.48,0.37,0.39,0.38,0.43,0.44,0.44,0.44,0.46,0.42,0.42,0.45,0.45,0.46,0.45,0.45,0.42,0.42,0.40,0.38,0.38,0.36,0.37,0.36,0.37,0.40,0.43,0.43,0.46,0.50,0.53,0.58,0.61,0.61,0.65,0.68,0.69,0.69,0.69,0.68,0.68,0.67,0.65,0.64,0.63,0.64,0.63,0.63,0.62,0.63,0.64,0.66,0.65,0.65,0.66,0.66,0.66,0.73,0.85,0.97,1.10,1.21,1.28,1.26,1.10,0.93,0.76,0.54,0.37,0.22,0.16,0.13,0.11,0.11,0.14,0.16,0.19,0.22,0.25,0.27,0.28,0.29,0.30,0.30,0.28,0.27,0.27,0.28,0.28,0.28,0.37,0.54,0.73,0.86,1.01,1.09,1.03,0.91,0.81,0.74,0.67,0.63,0.61,0.60,0.60,0.61,0.62,0.62,0.63,0.63,0.62,0.64,0.66,0.58,0.57,inf
inf,inf,inf,0.50,0.54,0.43,0.29,0.20,0.21,0.23,0.24,0.26,0.23,0.26,0.26,0.26,0.26,0.29,0.31,0.31,0.32,0.32,0.34,0.36,0.41,0.40,0.41,0.48,0.48,0.51,0.57,0.54,0.55,0.55,0.58,0.61,0.63,0.64,0.67,0.69,0.70,0.70,0.70,0.70,0.69,0.69,0.67,0.66,0.65,0.65,0.65,0.66,0.65,0.64,0.64,0.64,0.64,0.64,0.66,0.66,0.66,0.67,0.76,0.87,0.97,1.11,1.22,1.29,1.24,1.09,0.85,0.66,0.46,0.32,0.21,0.15,0.13,0.13,0.12,0.14,0.18,0.19,0.20,0.22,0.24,0.25,0.25,0.27,0.27,0.25,0.25,0.26,0.28,0.27,0.26,0.32,0.50,0.65,0.82,0.96,1.06,1.04,0.94,0.83,0.75,0.69,0.65,0.62,0.61,0.61,0.62,0.63,0.62,0.62,0.62,0.62,0.65,0.67,0.61,0.57,inf
inf,inf,inf,0.52,0.56,0.53,0.41,0.39,0.39,0.43,0.37,0.39,0.38,0.39,0.35,0.36,0.38,0.36,0.39,0.40,0.42,0.50,0.54,0.57,0.60,0.60,0.60,0.61,0.61,0.61,0.58,0.56,0.55,0.57,0.60,0.64,0.66,0.68,0.71,0.72,0.72,0.72,0.71,0.71,0.69,0.69,0.69,0.67,0.66,0.67,0.67,0.67,0.67,0.66,0.64,0.64,0.64,0.65,0.65,0.67,0.67,0.68,0.76,0.87,1.02,1.14,1.22,1.29,1.22,1.04,0.82,0.63,0.45,0.32,0.19,0.13,0.15,0.14,0.13,0.14,0.17,0.18,0.20,0.21,0.22,0.22,0.23,0.24,0.25,0.23,0.23,0.25,0.26,0.26,0.26,0.32,0.45,0.62,0.77,0.93,1.06,1.04,0.96,0.85,0.77,0.70,0.66,0.63,0.63,0.63,0.63,0.63,0.63,0.62,0.62,0.62,0.65,0.64,0.60,0.58,inf
inf,inf,inf,0.54,0.58,0.55,0.50,0.53,0.55,0.55,0.56,0.55,0.55,0.52,0.54,0.54,0.55,0.53,0.53,0.50,0.56,0.59,0.61,0.64,0.65,0.63,0.61,0.64,0.64,0.63,0.61,0.59,0.58,0.61,0.63,0.67,0.69,0.71,0.73,0.75,0.73,0.74,0.73,0.72,0.71,0.71,0.70,0.68,0.67,0.67,0.67,0.67,0.68,0.67,0.65,0.64,0.65,0.65,0.66,0.67,0.68,0.69,0.77,0.89,1.04,1.15,1.24,1.31,1.21,1.01,0.79,0.59,0.39,0.28,0.20,0.15,0.16,0.13,0.14,0.16,0.16,0.19,0.20,0.19,0.20,0.21,0.22,0.22,0.22,0.22,0.24,0.24,0.25,0.25,0.25,0.29,0.45,0.60,0.75,0.92,1.05,1.06,0.97,0.88,0.77,0.70,0.67,0.65,0.65,0.64,0.63,0.64,0.63,0.62,0.63,0.66,0.68,0.64,0.59,0.58,inf
inf,inf,inf,0.53,0.56,0.55,0.53,0.54,0.54,0.55,0.53,0.51,0.51,0.51,0.55,0.55,0.56,0.56,0.55,0.53,0.54,0.57,0.61,0.64,0.64,0.61,0.63,0.65,0.67,0.67,0.63,0.61,0.60,0.63,0.64,0.70,0.72,0.74,0.73,0.75,0.75,0.75,0.74,0.73,0.73,0.73,0.71,0.69,0.69,0.68,0.68,0.68,0.68,0.68,0.67,0.66,0.65,0.65,0.66,0.67,0.68,0.69,0.76,0.89,1.02,1.15,1.25,1.31,1.20,1.01,0.78,0.57,0.39,0.26,0.20,0.16,0.15,0.15,0.16,0.16,0.16,0.19,0.20,0.20,0.19,0.20,0.20,0.21,0.21,0.21,0.22,0.23,0.24,0.25,0.25,0.27,0.40,0.61,0.79,0.98,1.05,1.02,0.93,0.84,0.79,0.73,0.73,0.73,0.65,0.65,0.63,0.64,0.64,0.64,0.67,0.67,0.71,0.65,0.60,0.56,inf
inf,inf,inf,0.54,0.56,0.57,0.56,0.55,0.54,0.54,0.52,0.52,0.54,0.54,0.54,0.55,0.54,0.54,0.54,0.54,0.55,0.58,0.61,0.61,0.62,0.64,0.66,0.66,0.66,0.66,0.63,0.60,0.59,0.61,0.67,0.69,0.72,0.74,0.74,0.75,0.76,0.75,0.75,0.75,0.75,0.73,0.73,0.71,0.70,0.71,0.69,0.68,0.68,0.69,0.68,0.67,0.66,0.65,0.65,0.67,0.69,0.69,0.78,0.88,1.01,1.13,1.24,1.30,1.16,0.95,0.75,0.55,0.38,0.24,0.20,0.18,0.16,0.17,0.17,0.18,0.18,0.20,0.20,0.20,0.20,0.20,0.20,0.20,0.21,0.22,0.21,0.22,0.24,0.24,0.24,0.28,0.42,0.60,0.80,0.99,1.06,0.98,0.90,0.83,0.79,0.79,0.98,0.91,0.66,0.65,0.64,0.64,0.66,0.66,0.65,0.68,0.73,0.67,0.59,0.57,inf
inf,inf,inf,0.52,0.54,0.59,0.58,0.55,0.56,0.53,0.52,0.52,0.55,0.56,0.56,0.56,0.55,0.54,0.54,0.56,0.58,0.58,0.60,0.61,0.62,0.64,0.66,0.66,0.66,0.66,0.63,0.62,0.62,0.66,0.67,0.69,0.71,0.74,0.75,0.76,0.76,0.76,0.77,0.77,0.76,0.75,0.74,0.73,0.71,0.72,0.71,0.70,0.68,0.69,0.69,0.67,0.66,0.65,0.67,0.74,0.70,0.70,0.76,0.86,0.97,1.10,1.23,1.27,1.13,0.93,0.77,0.58,0.41,0.26,0.20,0.18,0.16,0.17,0.18,0.18,0.20,0.20,0.20,0.21,0.21,0.19,0.19,0.19,0.20,0.20,0.21,0.22,0.24,0.25,0.24,0.31,0.45,0.63,0.84,1.05,1.05,0.96,0.87,0.81,0.76,0.74,0.79,0.73,0.65,0.65,0.65,0.66,0.66,0.65,0.63,0.68,0.72,0.63,0.57,inf,inf
inf,inf,0.52,0.52,0.54,0.58,0.57,0.53,0.53,0.52,0.51,0.51,0.52,0.54,0.55,0.57,0.57,0.56,0.56,0.58,0.58,0.58,0.59,0.60,0.63,0.64,0.66,0.66,0.67,0.67,0.66,0.65,0.66,0.69,0.69,0.71,0.73,0.75,0.77,0.77,0.78,0.78,0.78,0.78,0.77,0.76,0.75,0.74,0.73,0.74,0.71,0.72,0.70,0.70,0.70,0.68,0.67,0.67,0.74,0.80,0.69,0.70,0.73,0.84,0.97,1.09,1.17,1.24,1.16,0.97,0.75,0.57,0.41,0.29,0.20,0.18,0.18,0.19,0.19,0.20,0.21,0.20,0.20,0.21,0.19,0.19,0.18,0.18,0.19,0.18,0.19,0.20,0.23,0.24,0.24,0.35,0.51,0.71,0.88,1.05,1.07,0.96,0.84,0.76,0.72,0.69,0.66,0.65,0.65,0.65,0.66,0.66,0.66,0.64,0.61,0.68,0.69,0.61,0.57,inf,inf
inf,inf,0.50,0.52,0.55,0.54,0.51,0.51,0.51,0.52,0.52,0.50,0.52,0.53,0.54,0.56,0.57,0.57,0.57,0.59,0.58,0.57,0.57,0.60,0.60,0.62,0.64,0.64,0.64,0.65,0.65,0.65,0.65,0.69,0.70,0.72,0.74,0.76,0.79,0.78,0.77,0.78,0.78,0.78,0.77,0.76,0.75,0.76,0.75,0.75,0.74,0.72,0.71,0.71,0.71,0.70,0.68,0.67,0.69,0.72,0.74,0.68,0.73,0.86,0.95,1.08,1.18,1.23,1.18,0.98,0.78,0.60,0.43,0.29,0.21,0.19,0.19,0.20,0.20,0.21,0.24,0.23,0.24,0.23,0.20,0.19,0.18,0.18,0.18,0.17,0.20,0.21,0.24,0.23,0.27,0.40,0.58,0.75,0.96,1.08,1.04,0.91,0.83,0.71,0.68,0.66,0.65,0.64,0.64,0.65,0.65,0.65,0.65,0.62,0.61,0.68,0.65,0.63,0.59,inf,inf
inf,inf,0.52,0.52,0.53,0.51,0.50,0.51,0.52,0.53,0.53,0.51,0.51,0.52,0.52,0.55,0.57,0.57,0.58,0.59,0.57,0.55,0.56,0.58,0.59,0.61,0.61,0.60,0.60,0.64,0.67,0.67,0.67,0.68,0.71,0.75,0.75,0.77,0.78,0.79,0.78,0.79,0.79,0.79,0.78,0.78,0.77,0.78,0.77,0.77,0.76,0.75,0.74,0.73,0.73,0.70,0.69,0.68,0.67,0.66,0.67,0.68,0.73,0.82,0.92,1.03,1.15,1.21,1.18,1.01,0.79,0.62,0.48,0.32,0.23,0.20,0.20,0.22,0.21,0.22,0.27,0.26,0.26,0.25,0.23,0.20,0.20,0.22,0.21,0.20,0.21,0.23,0.23,0.24,0.32,0.50,0.67,0.87,1.05,1.06,0.94,0.85,0.79,0.71,0.66,0.62,0.61,0.60,0.59,0.61,0.58,0.60,0.62,0.63,0.65,0.68,0.67,0.64,0.59,inf,inf
inf,inf,0.51,0.52,0.52,0.52,0.52,0.54,0.53,0.53,0.55,0.56,0.54,0.53,0.53,0.57,0.59,0.60,0.59,0.62,0.57,0.57,0.58,0.59,0.61,0.62,0.61,0.61,0.60,0.63,0.67,0.67,0.68,0.70,0.75,0.77,0.78,0.78,0.78,0.79,0.80,0.80,0.80,0.80,0.80,0.80,0.80,0.79,0.78,0.77,0.77,0.76,0.74,0.74,0.72,0.71,0.70,0.68,0.67,0.66,0.66,0.67,0.71,0.81,0.91,1.01,1.10,1.17,1.17,1.06,0.83,0.70,0.55,0.39,0.26,0.21,0.21,0.23,0.21,0.25,0.28,0.31,0.30,0.28,0.28,0.24,0.22,0.23,0.23,0.23,0.22,0.22,0.23,0.29,0.43,0.59,0.81,0.98,1.06,0.96,0.86,0.78,0.73,0.65,0.59,0.54,0.52,0.52,0.49,0.50,0.51,0.57,0.59,0.59,0.64,0.69,0.66,0.61,0.61,inf,inf
inf,inf,0.52,0.53,0.54,0.55,0.54,0.55,0.55,0.58,0.59,0.61,0.59,0.60,0.65,0.65,0.68,0.69,0.67,0.65,0.60,0.60,0.63,0.61,0.62,0.64,0.63,0.62,0.62,0.62,0.66,0.68,0.69,0.73,0.76,0.79,0.78,0.79,0.80,0.81,0.80,0.81,0.80,0.82,0.81,0.81,0.80,0.78,0.78,0.77,0.78,0.75,0.74,0.74,0.72,0.71,0.70,0.70,0.68,0.66,0.66,0.67,0.70,0.79,0.88,0.96,1.05,1.13,1.16,1.08,0.96,0.78,0.62,0.46,0.34,0.24,0.23,0.24,0.24,0.28,0.32,0.34,0.34,0.35,0.33,0.30,0.25,0.23,0.25,0.23,0.21,0.24,0.30,0.41,0.53,0.67,0.83,1.00,1.03,0.92,0.81,0.69,0.62,0.57,0.54,0.50,0.48,0.46,0.46,0.48,0.50,0.56,0.59,0.62,0.67,0.71,0.65,0.60,0.60,inf,inf
inf,inf,0.53,0.54,0.56,0.56,0.57,0.61,0.64,0.68,0.69,0.70,0.71,0.74,0.79,0.81,0.82,0.82,0.81,0.74,0.73,0.73,0.74,0.73,0.68,0.69,0.68,0.67,0.65,0.64,0.66,0.68,0.70,0.74,0.79,0.80,0.79,0.79,0.80,0.81,0.82,0.81,0.83,0.83,0.83,0.83,0.82,0.81,0.79,0.78,0.79,0.77,0.75,0.73,0.70,0.70,0.69,0.70,0.69,0.66,0.65,0.65,0.68,0.75,0.83,0.92,1.02,1.10,1.14,1.12,1.02,0.89,0.71,0.54,0.39,0.29,0.27,0.25,0.24,0.27,0.34,0.36,0.37,0.38,0.35,0.32,0.26,0.24,0.23,0.21,0.27,0.35,0.43,0.56,0.72,0.84,0.99,1.04,0.96,0.82,0.73,0.67,0.61,0.57,0.55,0.53,0.52,0.52,0.53,0.52,0.56,0.60,0.67,0.68,0.71,0.69,0.63,0.60,0.60,inf,inf
inf,inf,0.53,0.53,0.56,0.58,0.63,0.72,0.79,0.81,0.88,0.88,0.91,0.96,0.99,1.00,1.00,1.00,0.93,0.91,0.86,0.86,0.88,0.85,0.82,0.83,0.79,0.73,0.69,0.68,0.67,0.67,0.73,0.76,0.81,0.83,0.84,0.82,0.82,0.83,0.82,0.83,0.84,0.83,0.84,0.84,0.84,0.84,0.82,0.81,0.81,0.78,0.75,0.74,0.73,0.71,0.70,0.70,0.69,0.67,0.65,0.66,0.67,0.71,0.79,0.87,0.97,1.07,1.13,1.15,1.07,0.95,0.81,0.65,0.50,0.41,0.38,0.34,0.29,0.26,0.34,0.38,0.39,0.38,0.36,0.32,0.27,0.23,0.22,0.25,0.36,0.51,0.61,0.71,0.87,0.97,1.04,1.00,0.85,0.74,0.66,0.64,0.60,0.58,0.58,0.58,0.56,0.56,0.55,0.54,0.57,0.63,0.69,0.71,0.72,0.67,0.61,0.60,0.60,inf,inf
inf,inf,0.52,0.51,0.54,0.62,0.71,0.88,1.01,1.04,1.06,1.05,1.14,1.17,1.22,1.20,1.21,1.19,1.12,1.08,1.07,1.05,1.04,0.99,1.01,0.99,0.92,0.88,0.80,0.75,0.73,0.76,0.78,0.81,0.86,0.86,0.87,0.85,0.84,0.86,0.86,0.85,0.84,0.84,0.85,0.85,0.85,0.84,0.84,0.83,0.82,0.79,0.77,0.75,0.74,0.72,0.71,0.70,0.70,0.69,0.66,0.65,0.64,0.67,0.73,0.81,0.90,1.01,1.11,1.15,1.13,1.04,0.89,0.77,0.65,0.56,0.50,0.48,0.42,0.30,0.32,0.37,0.39,0.39,0.36,0.32,0.28,0.26,0.29,0.36,0.51,0.66,0.82,0.88,0.99,1.05,1.01,0.89,0.74,0.65,0.61,0.60,0.59,0.58,0.59,0.59,0.57,0.54,0.54,0.55,0.58,0.64,0.72,0.74,0.75,0.66,0.60,0.59,inf,inf,inf
inf,inf,0.53,0.55,0.52,0.65,0.82,1.03,1.17,1.24,1.24,1.25,1.32,1.35,1.43,1.40,1.41,1.37,1.34,1.29,1.29,1.27,1.23,1.18,1.20,1.21,1.10,1.01,0.92,0.87,0.85,0.87,0.89,0.92,0.95,0.94,0.91,0.87,0.85,0.85,0.86,0.86,0.85,0.86,0.86,0.87,0.86,0.85,0.85,0.84,0.82,0.81,0.77,0.75,0.74,0.72,0.71,0.69,0.69,0.68,0.67,0.65,0.63,0.64,0.68,0.75,0.86,0.97,1.07,1.13,1.15,1.11,1.03,0.92,0.79,0.71,0.64,0.61,0.54,0.38,0.30,0.35,0.39,0.39,0.38,0.37,0.37,0.39,0.46,0.53,0.68,0.80,0.93,1.00,1.05,1.01,0.91,0.76,0.67,0.61,0.59,0.59,0.59,0.58,0.58,0.58,0.57,0.55,0.55,0.55,0.58,0.61,0.69,0.77,0.72,0.63,0.61,0.60,inf,inf,inf
inf,inf,0.52,0.56,0.53,0.64,0.84,1.07,1.17,1.29,1.25,1.25,1.35,1.42,1.48,1.50,1.50,1.55,1.54,1.43,1.38,1.42,1.43,1.39,1.41,1.38,1.30,1.21,1.12,1.05,1.02,1.01,1.08,1.07,1.11,1.06,0.97,0.90,0.88,0.88,0.86,0.87,0.87,0.87,0.87,0.88,0.87,0.86,0.85,0.86,0.83,0.80,0.78,0.76,0.74,0.72,0.70,0.67,0.68,0.67,0.67,0.65,0.64,0.63,0.65,0.72,0.80,0.92,1.02,1.10,1.14,1.16,1.13,1.07,0.95,0.84,0.75,0.69,0.63,0.43,0.28,0.33,0.38,0.39,0.47,0.50,0.48,0.58,0.62,0.70,0.82,0.94,0.99,0.98,0.94,0.88,0.79,0.68,0.61,0.58,0.58,0.58,0.58,0.58,0.60,0.59,0.58,0.56,0.56,0.57,0.59,0.59,0.64,0.69,0.67,0.61,0.60,0.62,inf,inf,inf
inf,inf,0.51,0.59,0.52,0.58,0.79,0.99,1.13,1.15,1.10,1.09,1.20,1.32,1.44,1.45,1.46,1.49,1.53,1.47,1.39,1.40,1.48,1.52,1.47,1.47,1.45,1.37,1.33,1.30,1.26,1.26,1.29,1.33,1.29,1.15,1.03,0.95,0.91,0.90,0.90,0.89,0.89,0.90,0.88,0.87,0.87,0.87,0.86,0.84,0.83,0.80,0.79,0.76,0.73,0.71,0.70,0.68,0.68,0.67,0.66,0.65,0.63,0.63,0.63,0.66,0.74,0.85,0.95,1.03,1.06,1.10,1.13,1.11,1.04,0.94,0.84,0.77,0.67,0.51,0.32,0.34,0.38,0.43,0.53,0.62,0.66,0.72,0.77,0.84,0.94,0.96,0.92,0.88,0.82,0.75,0.67,0.62,0.58,0.58,0.59,0.59,0.67,0.65,0.61,0.60,0.58,0.57,0.56,0.57,0.58,0.59,0.61,0.65,0.62,0.61,0.60,0.62,inf,inf,inf
inf,inf,0.52,0.57,0.57,0.54,0.70,0.83,0.87,0.88,0.89,0.98,1.09,1.17,1.29,1.35,1.38,1.36,1.38,1.43,1.34,1.27,1.34,1.42,1.39,1.43,1.47,1.51,1.49,1.44,1.43,1.42,1.41,1.45,1.40,1.30,1.14,1.00,0.94,0.91,0.91,0.92,0.92,0.91,0.89,0.88,0.87,0.86,0.86,0.85,0.83,0.81,0.80,0.77,0.74,0.71,0.69,0.68,0.68,0.68,0.67,0.66,0.63,0.64,0.63,0.62,0.67,0.76,0.84,0.92,0.97,1.00,1.01,1.04,1.01,0.97,0.93,0.86,0.72,0.58,0.39,0.33,0.38,0.45,0.60,0.73,0.80,0.82,0.83,0.87,0.90,0.87,0.78,0.74,0.72,0.66,0.60,0.59,0.58,0.58,0.59,0.60,0.67,0.65,0.61,0.59,0.58,0.57,0.56,0.57,0.58,0.60,0.60,0.60,0.60,0.60,0.61,0.62,inf,inf,inf
inf,inf,0.52,0.58,0.61,0.53,0.55,0.63,0.69,0.74,0.82,0.92,0.95,1.00,1.11,1.17,1.22,1.18,1.16,1.20,1.16,1.14,1.16,1.24,1.29,1.31,1.37,1.46,1.47,1.44,1.48,1.47,1.46,1.45,1.45,1.37,1.25,1.11,0.98,0.95,0.95,0.96,0.95,0.94,0.91,0.88,0.87,0.86,0.86,0.84,0.83,0.81,0.80,0.77,0.74,0.72,0.70,0.69,0.68,0.69,0.67,0.66,0.65,0.65,0.64,0.62,0.62,0.66,0.75,0.82,0.87,0.89,0.90,0.90,0.87,0.86,0.85,0.80,0.72,0.59,0.43,0.32,0.38,0.48,0.62,0.78,0.84,0.81,0.80,0.78,0.77,0.71,0.66,0.65,0.62,0.59,0.58,0.58,0.57,0.57,0.58,0.61,0.61,0.60,0.59,0.57,0.58,0.58,0.57,0.58,0.58,0.60,0.61,0.60,0.59,0.60,0.61,0.62,inf,inf,inf
inf,inf,0.52,0.54,0.57,0.58,0.52,0.52,0.57,0.62,0.68,0.69,0.73,0.80,0.95,1.02,1.00,0.95,0.94,0.92,0.96,0.91,0.95,1.00,1.12,1.15,1.21,1.28,1.32,1.33,1.39,1.41,1.42,1.37,1.41,1.42,1.32,1.13,1.01,0.97,0.98,0.98,0.96,0.95,0.92,0.90,0.86,0.86,0.87,0.84,0.83,0.81,0.80,0.76,0.74,0.74,0.71,0.70,0.68,0.68,0.67,0.67,0.67,0.65,0.64,0.61,0.59,0.60,0.64,0.72,0.78,0.76,0.77,0.75,0.75,0.72,0.72,0.69,0.68,0.59,0.45,0.36,0.36,0.47,0.60,0.73,0.73,0.70,0.67,0.66,0.66,0.62,0.60,0.61,0.58,0.58,0.57,0.56,0.57,0.58,0.59,0.61,0.63,0.60,0.59,0.58,0.58,0.59,0.59,0.62,0.62,0.61,0.60,0.59,0.60,0.62,0.62,0.62,inf,inf,inf
inf,inf,0.51,0.53,0.55,0.56,0.53,0.50,0.49,0.50,0.53,0.57,0.58,0.65,0.75,0.79,0.80,0.77,0.75,0.72,0.74,0.72,0.74,0.82,0.91,0.98,1.02,1.09,1.10,1.18,1.19,1.24,1.25,1.21,1.30,1.40,1.35,1.19,1.04,0.99,0.98,0.97,0.96,0.95,0.95,0.93,0.90,0.88,0.86,0.85,0.84,0.83,0.81,0.77,0.76,0.74,0.71,0.70,0.70,0.70,0.68,0.67,0.65,0.65,0.62,0.62,0.58,0.56,0.57,0.61,0.65,0.65,0.63,0.63,0.61,0.58,0.60,0.61,0.62,0.59,0.47,0.39,0.34,0.44,0.54,0.62,0.64,0.60,0.58,0.60,0.59,0.57,0.57,0.58,0.56,0.56,0.56,0.56,0.57,0.58,0.60,0.62,0.62,0.59,0.59,0.59,0.58,0.57,0.56,0.57,0.58,0.58,0.59,0.59,0.60,0.62,0.62,0.63,inf,inf,inf
inf,inf,0.52,0.54,0.57,0.57,0.53,0.51,0.50,0.49,0.49,0.49,0.53,0.56,0.60,0.63,0.64,0.61,0.59,0.56,0.58,0.59,0.58,0.62,0.69,0.78,0.83,0.89,0.90,0.93,0.99,1.01,1.03,1.03,1.16,1.25,1.22,1.10,1.01,1.00,0.98,0.99,0.98,0.97,0.95,0.93,0.91,0.89,0.87,0.86,0.85,0.83,0.81,0.78,0.76,0.75,0.72,0.71,0.71,0.71,0.69,0.67,0.65,0.65,0.64,0.62,0.59,0.54,0.51,0.53,0.56,0.57,0.55,0.55,0.53,0.52,0.60,0.64,0.56,0.55,0.48,0.39,0.35,0.42,0.54,0.58,0.56,0.55,0.55,0.56,0.57,0.56,0.55,0.55,0.55,0.55,0.56,0.56,0.57,0.58,0.60,0.61,0.61,0.60,0.58,0.58,0.57,0.56,0.56,0.57,0.57,0.57,0.56,0.58,0.60,0.62,0.64,0.64,inf,inf,inf
inf,inf,0.51,0.52,0.58,0.58,0.55,0.53,0.51,0.50,0.50,0.50,0.49,0.50,0.51,0.55,0.54,0.53,0.51,0.50,0.51,0.51,0.51,0.51,0.54,0.61,0.66,0.65,0.72,0.74,0.82,0.85,0.85,0.92,1.02,1.05,1.06,1.02,0.99,0.98,0.99,1.00,0.99,0.98,0.96,0.94,0.95,0.92,0.91,0.89,0.85,0.84,0.82,0.79,0.76,0.76,0.74,0.73,0.72,0.72,0.69,0.67,0.66,0.65,0.63,0.62,0.58,0.53,0.50,0.51,0.52,0.52,0.51,0.51,0.50,0.50,0.58,0.65,0.54,0.54,0.50,0.42,0.36,0.40,0.52,0.57,0.56,0.54,0.54,0.56,0.57,0.57,0.57,0.56,0.56,0.56,0.57,0.56,0.56,0.58,0.60,0.60,0.60,0.60,0.58,0.58,0.56,0.55,0.54,0.54,0.55,0.56,0.56,0.57,0.59,0.62,0.64,inf,inf,inf,inf
inf,inf,0.51,0.53,0.57,0.59,0.58,0.54,0.53,0.52,0.52,0.51,0.51,0.52,0.52,0.51,0.49,0.47,0.48,0.47,0.48,0.48,0.49,0.48,0.50,0.53,0.52,0.53,0.57,0.60,0.66,0.68,0.71,0.79,0.83,0.88,0.92,0.96,0.98,0.99,0.99,1.01,0.99,0.99,0.97,0.96,0.96,0.95,0.94,0.90,0.86,0.85,0.81,0.79,0.77,0.76,0.74,0.73,0.73,0.73,0.70,0.69,0.67,0.64,0.63,0.60,0.55,0.52,0.51,0.52,0.52,0.52,0.51,0.50,0.49,0.50,0.52,0.53,0.53,0.53,0.53,0.43,0.38,0.40,0.52,0.58,0.56,0.53,0.55,0.56,0.58,0.56,0.56,0.57,0.56,0.56,0.55,0.55,0.55,0.56,0.58,0.59,0.58,0.57,0.56,0.56,0.56,0.56,0.54,0.54,0.55,0.56,0.58,0.59,0.60,0.63,0.64,inf,inf,inf,inf
inf,inf,0.51,0.52,0.57,0.63,0.61,0.55,0.55,0.54,0.53,0.51,0.51,0.53,0.52,0.50,0.49,0.47,0.47,0.46,0.47,0.46,0.48,0.48,0.47,0.48,0.49,0.49,0.50,0.52,0.55,0.62,0.66,0.68,0.73,0.77,0.83,0.92,0.97,0.97,0.96,1.00,1.00,0.99,1.00,0.99,0.97,0.97,0.96,0.93,0.88,0.86,0.83,0.80,0.78,0.76,0.74,0.74,0.72,0.72,0.70,0.69,0.67,0.64,0.61,0.58,0.55,0.53,0.53,0.53,0.53,0.52,0.50,0.50,0.49,0.51,0.53,0.54,0.55,0.52,0.52,0.50,0.39,0.36,0.50,0.55,0.53,0.52,0.54,0.56,0.57,0.57,0.57,0.57,0.55,0.54,0.55,0.54,0.55,0.55,0.56,0.57,0.56,0.55,0.56,0.57,0.57,0.57,0.55,0.54,0.54,0.59,0.62,0.61,0.61,0.63,0.65,inf,inf,inf,inf
inf,inf,0.52,0.53,0.57,0.62,0.59,0.55,0.56,0.54,0.53,0.51,0.50,0.50,0.50,0.48,0.47,0.47,0.45,0.46,0.46,0.46,0.46,0.47,0.47,0.47,0.49,0.49,0.49,0.50,0.52,0.56,0.59,0.62,0.65,0.70,0.76,0.86,0.89,0.94,0.97,0.99,1.00,1.00,1.01,1.01,1.00,0.98,0.96,0.94,0.90,0.86,0.82,0.79,0.78,0.76,0.74,0.74,0.73,0.73,0.70,0.70,0.67,0.64,0.61,0.58,0.55,0.53,0.53,0.54,0.53,0.52,0.49,0.58,0.57,0.52,0.54,0.55,0.57,0.56,0.55,0.53,0.43,0.33,0.41,0.52,0.53,0.53,0.55,0.56,0.56,0.56,0.55,0.55,0.53,0.53,0.54,0.54,0.54,0.55,0.57,0.57,0.57,0.56,0.54,0.56,0.56,0.56,0.55,0.56,0.57,0.70,0.71,0.65,0.65,0.66,0.64,inf,inf,inf,inf
inf,inf,0.53,0.52,0.58,0.64,0.59,0.55,0.54,0.53,0.54,0.52,0.51,0.50,0.49,0.48,0.47,0.46,0.45,0.44,0.45,0.46,0.45,0.46,0.46,0.46,0.48,0.48,0.49,0.49,0.50,0.53,0.55,0.59,0.59,0.65,0.71,0.76,0.83,0.90,0.95,0.97,0.99,1.01,1.01,1.02,1.01,0.98,0.96,0.93,0.89,0.85,0.82,0.78,0.77,0.76,0.75,0.75,0.75,0.73,0.70,0.68,0.64,0.62,0.59,0.57,0.54,0.53,0.53,0.54,0.51,0.49,0.50,0.60,0.59,0.55,0.56,0.57,0.57,0.57,0.53,0.54,0.51,0.38,0.41,0.45,0.48,0.53,0.55,0.54,0.53,0.54,0.53,0.53,0.52,0.52,0.52,0.53,0.53,0.54,0.68,0.67,0.62,0.67,0.55,0.56,0.56,0.55,0.56,0.60,0.64,0.72,0.73,0.68,0.66,0.66,0.64,inf,inf,inf,inf
inf,inf,0.52,0.53,0.58,0.62,0.58,0.57,0.56,0.55,0.55,0.53,0.52,0.51,0.50,0.49,0.47,0.46,0.45,0.44,0.45,0.45,0.45,0.46,0.46,0.46,0.46,0.48,0.48,0.48,0.49,0.50,0.52,0.55,0.56,0.61,0.67,0.73,0.78,0.84,0.91,0.95,0.95,1.00,1.03,1.03,1.02,0.99,0.96,0.90,0.88,0.86,0.81,0.78,0.77,0.76,0.74,0.73,0.74,0.73,0.71,0.67,0.64,0.63,0.57,0.54,0.54,0.53,0.52,0.51,0.50,0.48,0.47,0.49,0.52,0.56,0.57,0.59,0.57,0.57,0.56,0.55,0.53,0.46,0.41,0.34,0.40,0.39,0.47,0.50,0.52,0.54,0.53,0.51,0.50,0.50,0.51,0.52,0.52,0.53,0.58,0.61,0.63,0.68,0.57,0.57,0.56,0.55,0.57,0.62,0.65,0.72,0.76,0.70,0.67,0.65,0.64,inf,inf,inf,inf
inf,inf,0.53,0.53,0.56,0.60,0.60,0.63,0.64,0.64,0.64,0.59,0.57,0.56,0.54,0.50,0.49,0.46,0.45,0.44,0.45,0.43,0.44,0.45,0.47,0.47,0.46,0.47,0.47,0.47,0.48,0.49,0.50,0.51,0.54,0.60,0.63,0.69,0.74,0.81,0.86,0.90,0.93,0.98,1.02,1.03,1.02,1.00,0.96,0.90,0.86,0.91,0.81,0.76,0.75,0.74,0.73,0.71,0.70,0.70,0.72,0.70,0.71,0.69,0.69,0.57,0.53,0.52,0.51,0.50,0.50,0.52,0.52,0.52,0.55,0.57,0.59,0.59,0.63,0.63,0.59,0.59,0.58,0.54,0.46,0.40,0.38,0.38,0.35,0.37,0.41,0.47,0.47,0.48,0.48,0.49,0.51,0.52,0.52,0.52,0.54,0.56,0.57,0.59,0.58,0.58,0.57,0.57,0.58,0.61,0.67,0.74,0.78,0.71,0.67,0.64,0.63,inf,inf,inf,inf
inf,inf,0.52,0.53,0.57,0.64,0.68,0.76,0.77,0.78,0.77,0.72,0.68,0.66,0.62,0.56,0.52,0.48,0.46,0.44,0.43,0.43,0.44,0.46,0.47,0.47,0.46,0.48,0.46,0.47,0.47,0.48,0.50,0.49,0.52,0.56,0.60,0.65,0.70,0.76,0.81,0.86,0.92,0.95,1.01,1.03,1.01,0.99,0.94,0.87,0.81,0.82,0.79,0.74,0.74,0.73,0.71,0.70,0.69,0.65,0.65,0.70,0.71,0.72,0.76,0.64,0.54,0.51,0.49,0.47,0.49,0.56,0.62,0.56,0.56,0.57,0.56,0.61,0.64,0.57,0.51,0.52,0.57,0.58,0.56,0.48,0.45,0.47,0.46,0.41,0.38,0.35,0.38,0.39,0.46,0.49,0.51,0.51,0.54,0.56,0.56,0.57,0.58,0.59,0.60,0.60,0.59,0.59,0.59,0.59,0.69,0.78,0.79,0.73,0.66,0.64,inf,inf,inf,inf,inf
inf,inf,0.53,0.54,0.61,0.73,0.80,0.92,0.94,0.95,0.96,0.86,0.86,0.79,0.76,0.67,0.57,0.51,0.48,0.46,0.45,0.44,0.46,0.46,0.47,0.46,0.45,0.47,0.47,0.46,0.46,0.47,0.48,0.49,0.51,0.55,0.57,0.63,0.69,0.71,0.79,0.82,0.89,0.93,1.00,1.03,1.01,0.97,0.93,0.86,0.78,0.76,0.73,0.72,0.72,0.71,0.69,0.69,0.67,0.63,0.68,0.73,0.75,0.83,0.78,0.72,0.57,0.52,0.49,0.47,0.50,0.55,0.59,0.58,0.58,0.59,0.57,0.64,0.64,0.55,0.52,0.51,0.56,0.62,0.58,0.54,0.54,0.57,0.53,0.54,0.50,0.41,0.34,0.31,0.33,0.40,0.47,0.52,0.55,0.57,0.59,0.59,0.59,0.58,0.60,0.60,0.59,0.59,0.59,0.59,0.67,0.78,0.82,0.72,0.65,0.63,inf,inf,inf,inf,inf
inf,inf,0.52,0.54,0.61,0.71,0.80,0.93,1.05,1.05,1.04,1.00,0.98,0.93,0.87,0.83,0.72,0.63,0.58,0.48,0.48,0.48,0.50,0.48,0.47,0.45,0.43,0.44,0.46,0.46,0.46,0.46,0.48,0.49,0.51,0.54,0.55,0.58,0.63,0.65,0.71,0.80,0.85,0.91,0.99,1.08,1.04,1.00,0.94,0.87,0.78,0.72,0.69,0.68,0.69,0.68,0.68,0.66,0.64,0.62,0.69,0.78,0.84,0.91,0.87,0.85,0.71,0.55,0.50,0.50,0.52,0.55,0.59,0.61,0.61,0.59,0.59,0.65,0.66,0.58,0.53,0.55,0.60,0.62,0.58,0.57,0.58,0.52,0.49,0.49,0.53,0.50,0.47,0.37,0.26,0.29,0.39,0.49,0.56,0.57,0.58,0.59,0.58,0.58,0.58,0.58,0.58,0.57,0.58,0.62,0.68,0.78,0.80,0.68,0.62,0.60,inf,inf,inf,inf,inf
inf,0.51,0.51,0.54,0.60,0.65,0.71,0.81,0.93,0.99,0.99,0.95,0.95,0.93,0.90,0.85,0.85,0.79,0.71,0.60,0.53,0.51,0.55,0.50,0.45,0.43,0.43,0.44,0.45,0.46,0.44,0.42,0.45,0.48,0.51,0.52,0.53,0.56,0.57,0.60,0.64,0.73,0.78,0.89,1.04,1.15,1.12,1.03,0.97,0.90,0.83,0.76,0.69,0.66,0.65,0.65,0.65,0.66,0.67,0.70,0.73,0.82,0.88,0.95,0.93,0.88,0.75,0.59,0.54,0.55,0.54,0.57,0.61,0.63,0.64,0.63,0.62,0.67,0.71,0.66,0.63,0.65,0.66,0.61,0.57,0.57,0.58,0.48,0.45,0.44,0.53,0.54,0.57,0.51,0.34,0.27,0.31,0.47,0.56,0.56,0.56,0.57,0.57,0.58,0.57,0.57,0.57,0.58,0.60,0.62,0.70,0.80,0.82,0.69,0.60,0.58,inf,inf,inf,inf,inf
inf,0.52,0.52,0.53,0.57,0.62,0.64,0.69,0.76,0.84,0.88,0.89,0.88,0.88,0.83,0.82,0.85,0.87,0.83,0.76,0.66,0.53,0.50,0.46,0.44,0.43,0.43,0.44,0.45,0.46,0.43,0.41,0.43,0.46,0.48,0.48,0.51,0.51,0.52,0.54,0.57,0.64,0.73,0.83,0.95,1.11,1.21,1.16,1.08,0.97,0.88,0.79,0.71,0.65,0.64,0.64,0.64,0.73,0.80,0.83,0.84,0.88,0.86,0.92,0.97,0.90,0.80,0.66,0.61,0.58,0.58,0.59,0.61,0.64,0.65,0.65,0.65,0.66,0.69,0.71,0.71,0.69,0.65,0.61,0.59,0.57,0.59,0.52,0.50,0.49,0.55,0.56,0.61,0.66,0.64,0.48,0.33,0.35,0.50,0.58,0.58,0.58,0.58,0.58,0.58,0.57,0.57,0.57,0.57,0.61,0.67,0.75,0.74,0.66,0.59,0.57,inf,inf,inf,inf,inf
inf,0.52,0.53,0.55,0.61,0.64,0.59,0.60,0.63,0.65,0.68,0.76,0.71,0.67,0.67,0.75,0.82,0.82,0.86,0.85,0.76,0.60,0.49,0.49,0.44,0.43,0.44,0.45,0.46,0.45,0.42,0.41,0.42,0.43,0.44,0.47,0.50,0.51,0.50,0.49,0.51,0.55,0.67,0.78,0.92,1.09,1.21,1.31,1.19,1.05,0.92,0.83,0.75,0.68,0.63,0.69,0.76,0.82,0.87,0.90,0.91,0.93,0.92,0.93,1.01,1.01,0.95,0.79,0.69,0.64,0.62,0.61,0.62,0.64,0.64,0.65,0.66,0.66,0.67,0.68,0.67,0.64,0.61,0.60,0.58,0.56,0.60,0.60,0.62,0.60,0.57,0.58,0.67,0.74,0.78,0.60,0.42,0.34,0.42,0.56,0.61,0.59,0.59,0.60,0.58,0.58,0.57,0.57,0.57,0.64,0.71,0.74,0.70,0.62,0.56,0.57,inf,inf,inf,inf,inf
inf,0.53,0.55,0.59,0.64,0.64,0.56,0.55,0.56,0.56,0.55,0.54,0.53,0.51,0.55,0.64,0.77,0.82,0.85,0.88,0.83,0.70,0.54,0.47,0.47,0.45,0.44,0.44,0.44,0.43,0.42,0.42,0.42,0.41,0.43,0.45,0.49,0.51,0.51,0.47,0.48,0.50,0.61,0.72,0.86,1.04,1.18,1.32,1.29,1.16,0.97,0.87,0.78,0.72,0.67,0.74,0.82,0.86,0.90,0.93,0.94,0.94,0.92,0.87,0.96,1.02,1.04,0.96,0.77,0.69,0.64,0.63,0.63,0.65,0.66,0.66,0.66,0.64,0.64,0.66,0.65,0.64,0.62,0.59,0.58,0.59,0.59,0.61,0.69,0.64,0.58,0.66,0.73,0.80,0.76,0.68,0.53,0.33,0.36,0.52,0.60,0.60,0.59,0.59,0.58,0.58,0.57,0.57,0.59,0.64,0.67,0.68,0.67,0.60,0.56,0.57,inf,inf,inf,inf,inf
inf,0.53,0.55,0.59,0.63,0.62,0.56,0.54,0.54,0.53,0.51,0.51,0.49,0.48,0.49,0.55,0.65,0.71,0.79,0.88,0.90,0.77,0.61,0.47,0.49,0.53,0.44,0.42,0.42,0.42,0.42,0.43,0.43,0.41,0.42,0.45,0.46,0.44,0.46,0.45,0.46,0.45,0.52,0.65,0.79,0.95,1.09,1.27,1.35,1.21,1.03,0.91,0.82,0.76,0.69,0.70,0.82,0.88,0.91,0.94,0.95,0.94,0.88,0.85,0.91,0.99,1.05,0.99,0.84,0.74,0.67,0.65,0.66,0.67,0.66,0.65,0.64,0.59,0.59,0.61,0.64,0.64,0.55,0.56,0.61,0.61,0.61,0.61,0.62,0.61,0.59,0.68,0.76,0.81,0.74,0.72,0.66,0.43,0.33,0.46,0.59,0.60,0.58,0.58,0.58,0.58,0.58,0.56,0.57,0.62,0.63,0.67,0.68,0.59,0.57,0.57,inf,inf,inf,inf,inf
inf,0.55,0.55,0.58,0.64,0.62,0.57,0.56,0.56,0.53,0.53,0.49,0.48,0.48,0.48,0.49,0.53,0.58,0.70,0.81,0.90,0.83,0.63,0.49,0.47,0.48,0.43,0.42,0.41,0.41,0.42,0.42,0.42,0.42,0.44,0.44,0.42,0.42,0.44,0.45,0.45,0.45,0.46,0.52,0.70,0.87,1.00,1.17,1.24,1.18,1.03,0.92,0.84,0.78,0.71,0.66,0.75,0.81,0.85,0.94,0.95,0.95,0.94,0.93,0.90,0.96,1.04,1.03,0.98,0.84,0.73,0.69,0.67,0.68,0.67,0.66,0.62,0.54,0.52,0.57,0.63,0.60,0.50,0.53,0.62,0.63,0.63,0.62,0.62,0.61,0.64,0.75,0.81,0.83,0.73,0.74,0.72,0.56,0.39,0.38,0.56,0.60,0.58,0.59,0.59,0.58,0.57,0.56,0.56,0.59,0.62,0.64,0.62,0.58,0.57,0.56,inf,inf,inf,inf,inf
inf,0.55,0.56,0.60,0.64,0.63,0.58,0.58,0.56,0.52,0.52,0.51,0.48,0.48,0.47,0.47,0.47,0.50,0.63,0.78,0.85,0.85,0.73,0.60,0.49,0.43,0.44,0.42,0.40,0.39,0.39,0.40,0.41,0.42,0.42,0.44,0.43,0.43,0.44,0.43,0.44,0.44,0.44,0.45,0.62,0.79,0.97,1.16,1.22,1.12,1.02,0.95,0.87,0.80,0.73,0.67,0.66,0.70,0.74,0.85,0.88,0.93,0.93,0.95,0.96,0.94,0.96,1.02,1.00,0.93,0.81,0.70,0.69,0.69,0.69,0.67,0.62,0.50,0.47,0.56,0.66,0.62,0.60,0.59,0.64,0.66,0.66,0.65,0.64,0.62,0.67,0.77,0.79,0.83,0.73,0.76,0.76,0.63,0.42,0.36,0.49,0.58,0.58,0.59,0.60,0.59,0.56,0.55,0.56,0.56,0.60,0.66,0.65,0.59,0.55,inf,inf,inf,inf,inf,inf
inf,0.55,0.56,0.61,0.65,0.64,0.59,0.58,0.55,0.52,0.50,0.49,0.49,0.47,0.47,0.46,0.46,0.47,0.53,0.69,0.78,0.85,0.84,0.71,0.52,0.41,0.42,0.39,0.38,0.38,0.37,0.38,0.40,0.41,0.40,0.42,0.43,0.44,0.43,0.42,0.42,0.43,0.43,0.48,0.61,0.76,0.93,1.15,1.24,1.14,1.03,0.95,0.88,0.81,0.75,0.70,0.67,0.69,0.70,0.71,0.76,0.86,0.90,0.96,0.97,0.93,0.91,0.93,0.96,0.91,0.83,0.72,0.70,0.70,0.70,0.67,0.61,0.52,0.52,0.65,0.70,0.67,0.66,0.65,0.65,0.65,0.67,0.66,0.64,0.64,0.73,0.64,0.53,0.67,0.71,0.76,0.77,0.71,0.50,0.34,0.42,0.55,0.57,0.58,0.58,0.57,0.56,0.55,0.55,0.56,0.60,0.66,0.66,0.58,0.55,inf,inf,inf,inf,inf,inf
inf,0.56,0.58,0.63,0.67,0.63,0.58,0.57,0.54,0.52,0.50,0.49,0.50,0.47,0.47,0.45,0.45,0.46,0.47,0.57,0.65,0.78,0.85,0.73,0.54,0.41,0.41,0.37,0.37,0.37,0.35,0.37,0.39,0.39,0.39,0.39,0.47,0.42,0.43,0.41,0.42,0.44,0.46,0.55,0.62,0.73,0.87,1.03,1.18,1.21,1.07,0.98,0.90,0.82,0.75,0.71,0.70,0.69,0.69,0.68,0.74,0.85,0.91,0.94,0.94,0.90,0.85,0.90,0.94,0.93,0.91,0.82,0.73,0.73,0.72,0.73,0.68,0.66,0.65,0.71,0.72,0.69,0.68,0.65,0.61,0.58,0.64,0.68,0.65,0.69,0.74,0.58,0.48,0.61,0.73,0.77,0.76,0.70,0.58,0.38,0.37,0.49,0.55,0.56,0.57,0.55,0.55,0.55,0.55,0.56,0.57,0.63,0.61,0.58,0.54,inf,inf,inf,inf,inf,inf
inf,0.54,0.56,0.64,0.66,0.62,0.57,0.55,0.52,0.50,0.48,0.47,0.50,0.48,0.46,0.46,0.46,0.46,0.46,0.47,0.61,0.72,0.84,0.72,0.55,0.43,0.40,0.35,0.36,0.37,0.37,0.39,0.39,0.41,0.38,0.39,0.59,0.50,0.41,0.43,0.43,0.43,0.44,0.56,0.64,0.72,0.90,1.08,1.22,1.23,1.10,0.99,0.91,0.85,0.78,0.72,0.69,0.69,0.70,0.69,0.73,0.81,0.93,0.96,0.96,0.91,0.87,0.92,0.92,0.95,0.94,0.88,0.80,0.73,0.75,0.75,0.74,0.73,0.72,0.72,0.72,0.70,0.69,0.66,0.56,0.55,0.61,0.69,0.67,0.74,0.70,0.52,0.55,0.72,0.77,0.78,0.74,0.66,0.58,0.45,0.34,0.43,0.50,0.52,0.54,0.54,0.53,0.53,0.53,0.55,0.58,0.61,0.58,0.56,0.53,inf,inf,inf,inf,inf,inf
inf,0.53,0.56,0.63,0.67,0.62,0.57,0.54,0.51,0.49,0.47,0.47,0.48,0.47,0.46,0.45,0.45,0.44,0.45,0.49,0.61,0.77,0.84,0.77,0.59,0.49,0.42,0.35,0.38,0.40,0.40,0.42,0.41,0.40,0.38,0.39,0.50,0.45,0.42,0.41,0.42,0.42,0.42,0.52,0.64,0.76,0.95,1.16,1.30,1.25,1.21,1.06,0.92,0.85,0.79,0.71,0.69,0.69,0.69,0.69,0.70,0.84,0.94,0.98,0.98,0.95,0.97,0.97,0.92,0.90,0.92,0.87,0.79,0.76,0.78,0.77,0.76,0.75,0.73,0.71,0.73,0.72,0.70,0.69,0.63,0.61,0.66,0.70,0.73,0.77,0.64,0.55,0.61,0.78,0.84,0.82,0.73,0.60,0.54,0.47,0.34,0.36,0.46,0.50,0.52,0.52,0.52,0.53,0.52,0.56,0.56,0.59,0.59,0.55,0.51,inf,inf,inf,inf,inf,inf
inf,0.54,0.55,0.62,0.65,0.65,0.57,0.53,0.51,0.47,0.48,0.46,0.46,0.44,0.44,0.44,0.44,0.44,0.44,0.52,0.71,0.86,0.90,0.80,0.62,0.46,0.40,0.36,0.37,0.41,0.40,0.40,0.40,0.39,0.38,0.37,0.42,0.42,0.39,0.39,0.40,0.41,0.41,0.49,0.58,0.71,0.91,1.15,1.30,1.23,1.18,1.07,0.95,0.84,0.75,0.70,0.69,0.69,0.69,0.70,0.72,0.81,0.91,0.97,0.96,0.95,0.98,0.96,0.88,0.87,0.91,0.88,0.84,0.79,0.79,0.79,0.77,0.77,0.71,0.65,0.65,0.72,0.71,0.69,0.68,0.72,0.73,0.72,0.80,0.79,0.65,0.59,0.75,0.85,0.86,0.83,0.71,0.58,0.50,0.47,0.36,0.31,0.40,0.50,0.51,0.49,0.50,0.51,0.52,0.52,0.56,0.58,0.61,0.55,0.51,inf,inf,inf,inf,inf,inf
inf,0.54,0.56,0.60,0.64,0.67,0.59,0.52,0.50,0.48,0.46,0.45,0.44,0.42,0.44,0.42,0.43,0.44,0.49,0.59,0.76,0.92,0.92,0.79,0.59,0.49,0.42,0.37,0.36,0.38,0.39,0.36,0.36,0.37,0.37,0.35,0.35,0.37,0.37,0.38,0.41,0.40,0.39,0.44,0.54,0.67,0.84,1.06,1.23,1.18,1.04,0.98,0.89,0.80,0.73,0.69,0.68,0.69,0.70,0.70,0.74,0.79,0.85,0.93,0.93,0.93,0.95,0.94,0.93,0.95,0.96,0.91,0.89,0.83,0.78,0.78,0.78,0.76,0.65,0.57,0.57,0.66,0.71,0.71,0.71,0.71,0.70,0.77,0.85,0.90,0.88,0.75,0.79,0.85,0.87,0.81,0.64,0.57,0.49,0.43,0.39,0.31,0.33,0.42,0.47,0.48,0.48,0.50,0.53,0.53,0.57,0.59,0.60,0.55,0.51,inf,inf,inf,inf,inf,inf
inf,0.53,0.55,0.61,0.66,0.62,0.57,0.53,0.51,0.48,0.45,0.43,0.43,0.44,0.45,0.43,0.45,0.48,0.56,0.72,0.88,0.98,0.93,0.82,0.60,0.44,0.40,0.37,0.35,0.38,0.38,0.35,0.34,0.34,0.34,0.34,0.35,0.36,0.36,0.36,0.39,0.37,0.38,0.42,0.51,0.60,0.71,0.92,1.16,1.17,1.03,0.94,0.87,0.77,0.71,0.68,0.69,0.70,0.71,0.71,0.74,0.77,0.78,0.86,0.86,0.89,0.92,0.94,1.03,1.05,1.05,0.98,0.95,0.89,0.79,0.76,0.76,0.72,0.62,0.57,0.55,0.64,0.71,0.69,0.70,0.69,0.68,0.77,0.84,0.91,0.99,0.86,0.82,0.87,0.88,0.85,0.66,0.55,0.49,0.44,0.43,0.38,0.31,0.35,0.40,0.45,0.48,0.50,0.52,0.53,0.59,0.61,0.61,0.52,inf,inf,inf,inf,inf,inf,inf
inf,0.53,0.55,0.60,0.63,0.62,0.58,0.54,0.51,0.47,0.45,0.44,0.42,0.44,0.46,0.49,0.53,0.61,0.69,0.84,0.94,0.96,0.90,0.69,0.52,0.42,0.39,0.38,0.35,0.34,0.34,0.34,0.33,0.31,0.30,0.33,0.34,0.33,0.34,0.35,0.36,0.36,0.39,0.42,0.52,0.62,0.74,0.92,1.14,1.19,1.04,0.93,0.85,0.74,0.70,0.69,0.70,0.72,0.71,0.71,0.74,0.75,0.76,0.80,0.84,0.90,0.96,0.97,1.05,1.09,1.09,1.02,0.95,0.87,0.76,0.73,0.72,0.69,0.69,0.61,0.63,0.69,0.71,0.69,0.68,0.67,0.67,0.75,0.85,0.90,0.90,0.84,0.85,0.87,0.86,0.83,0.63,0.56,0.51,0.48,0.45,0.42,0.35,0.31,0.34,0.40,0.47,0.51,0.52,0.55,0.59,0.62,0.61,0.52,inf,inf,inf,inf,inf,inf,inf
inf,0.54,0.56,0.60,0.65,0.61,0.57,0.53,0.52,0.50,0.48,0.50,0.53,0.55,0.61,0.66,0.66,0.74,0.83,0.92,0.96,0.93,0.78,0.64,0.46,0.41,0.40,0.39,0.38,0.36,0.35,0.34,0.33,0.30,0.28,0.28,0.32,0.32,0.33,0.34,0.35,0.38,0.40,0.45,0.53,0.59,0.73,0.84,1.09,1.19,1.07,0.93,0.83,0.75,0.71,0.70,0.71,0.73,0.72,0.71,0.74,0.75,0.76,0.85,0.89,0.95,0.98,0.98,1.02,1.06,1.07,1.04,0.93,0.83,0.74,0.70,0.70,0.69,0.71,0.71,0.70,0.71,0.71,0.69,0.67,0.66,0.71,0.80,0.92,0.96,0.90,0.87,0.88,0.89,0.84,0.77,0.60,0.55,0.52,0.50,0.47,0.45,0.41,0.34,0.30,0.31,0.42,0.50,0.53,0.54,0.58,0.61,0.58,0.49,inf,inf,inf,inf,inf,inf,inf
inf,0.56,0.57,0.61,0.65,0.62,0.57,0.54,0.56,0.58,0.57,0.60,0.65,0.75,0.83,0.85,0.88,0.89,0.90,0.97,0.94,0.83,0.64,0.59,0.44,0.41,0.41,0.41,0.40,0.39,0.37,0.35,0.33,0.31,0.27,0.27,0.28,0.33,0.33,0.34,0.34,0.36,0.41,0.43,0.48,0.61,0.68,0.86,1.03,1.09,0.98,0.92,0.82,0.73,0.71,0.72,0.72,0.73,0.73,0.72,0.74,0.75,0.77,0.86,0.92,0.94,0.96,0.98,0.99,0.99,1.06,1.06,1.00,0.93,0.76,0.70,0.70,0.69,0.70,0.70,0.69,0.70,0.68,0.67,0.65,0.64,0.75,0.89,0.95,0.99,0.89,0.88,0.91,0.92,0.86,0.79,0.66,0.55,0.52,0.50,0.50,0.48,0.48,0.44,0.38,0.33,0.28,0.35,0.44,0.52,0.55,0.58,0.51,0.45,inf,inf,inf,inf,inf,inf,inf
inf,0.57,0.57,0.66,0.68,0.62,0.61,0.66,0.74,0.80,0.79,0.82,0.84,0.93,0.91,0.92,0.94,0.92,0.95,0.92,0.78,0.61,0.52,0.47,0.42,0.41,0.41,0.40,0.39,0.38,0.38,0.36,0.33,0.31,0.27,0.27,0.28,0.30,0.32,0.33,0.38,0.42,0.41,0.40,0.49,0.62,0.74,0.89,1.00,0.97,0.93,0.88,0.78,0.74,0.72,0.73,0.73,0.73,0.74,0.74,0.74,0.75,0.77,0.82,0.87,0.87,0.93,0.99,1.01,1.00,1.03,1.06,1.04,1.00,0.82,0.72,0.71,0.74,0.71,0.72,0.70,0.68,0.65,0.66,0.65,0.67,0.79,0.90,0.98,0.98,0.89,0.87,0.90,0.91,0.87,0.80,0.64,0.56,0.52,0.52,0.50,0.51,0.51,0.50,0.48,0.45,0.37,0.30,0.31,0.39,0.48,0.53,0.47,0.44,inf,inf,inf,inf,inf,inf,inf
inf,0.57,0.59,0.64,0.69,0.64,0.73,0.82,0.95,0.99,0.96,0.90,0.93,0.97,0.92,0.94,0.92,0.90,0.85,0.72,0.57,0.47,0.46,0.42,0.42,0.41,0.40,0.39,0.38,0.36,0.38,0.38,0.36,0.33,0.30,0.27,0.27,0.30,0.34,0.35,0.43,0.45,0.49,0.52,0.52,0.64,0.79,0.90,0.97,0.96,0.93,0.88,0.79,0.75,0.74,0.73,0.73,0.73,0.74,0.75,0.75,0.76,0.76,0.78,0.80,0.87,0.94,0.99,1.02,1.04,1.04,1.04,1.05,1.02,0.92,0.80,0.76,0.75,0.76,0.76,0.72,0.68,0.65,0.64,0.64,0.73,0.80,0.83,0.90,0.91,0.88,0.86,0.89,0.90,0.86,0.77,0.61,0.56,0.54,0.53,0.52,0.53,0.53,0.53,0.53,0.50,0.50,0.48,0.40,0.37,0.49,0.53,0.46,0.43,inf,inf,inf,inf,inf,inf,inf
inf,0.58,0.62,0.67,0.69,0.68,0.80,0.96,0.97,0.94,0.91,0.91,0.96,0.95,0.93,0.94,0.87,0.72,0.61,0.50,0.45,0.43,0.43,0.42,0.42,0.41,0.40,0.38,0.36,0.36,0.37,0.38,0.39,0.35,0.30,0.29,0.29,0.29,0.32,0.38,0.45,0.52,0.60,0.63,0.64,0.67,0.85,0.97,1.02,0.99,0.94,0.86,0.79,0.76,0.74,0.73,0.74,0.74,0.75,0.76,0.76,0.76,0.77,0.78,0.83,0.92,1.00,1.00,1.04,1.09,1.09,1.07,1.05,1.06,1.02,0.95,0.89,0.84,0.87,0.85,0.80,0.73,0.66,0.64,0.66,0.79,0.84,0.77,0.72,0.81,0.86,0.87,0.90,0.90,0.86,0.75,0.65,0.59,0.55,0.54,0.55,0.56,0.56,0.56,0.54,0.52,0.52,0.52,0.52,0.47,0.53,0.52,0.44,0.41,inf,inf,inf,inf,inf,inf,inf
inf,0.57,0.59,0.65,0.67,0.66,0.81,1.00,0.93,0.89,0.89,0.92,0.92,0.92,0.82,0.72,0.60,0.51,0.44,0.43,0.42,0.43,0.43,0.42,0.42,0.42,0.39,0.37,0.36,0.36,0.35,0.38,0.38,0.34,0.32,0.31,0.30,0.32,0.30,0.42,0.56,0.62,0.67,0.73,0.77,0.81,0.89,1.00,1.05,0.99,0.91,0.83,0.79,0.77,0.75,0.74,0.74,0.74,0.75,0.76,0.76,0.76,0.77,0.78,0.84,0.95,1.01,1.04,1.08,1.11,1.11,1.10,1.06,1.08,1.09,1.10,1.03,0.94,0.93,0.91,0.86,0.79,0.71,0.66,0.74,0.89,0.93,0.88,0.86,0.86,0.87,0.89,0.91,0.91,0.82,0.70,0.63,0.58,0.55,0.55,0.56,0.57,0.57,0.57,0.55,0.53,0.51,0.51,0.51,0.51,0.51,0.50,0.42,0.42,inf,inf,inf,inf,inf,inf,inf
inf,0.58,0.59,0.65,0.65,0.61,0.70,0.84,0.84,0.81,0.80,0.73,0.75,0.64,0.59,0.52,0.47,0.44,0.43,0.41,0.42,0.42,0.42,0.42,0.42,0.43,0.40,0.37,0.36,0.35,0.34,0.35,0.35,0.35,0.33,0.32,0.35,0.32,0.28,0.39,0.54,0.62,0.72,0.82,0.88,0.91,0.94,0.98,1.01,0.95,0.88,0.83,0.79,0.77,0.76,0.76,0.75,0.74,0.75,0.76,0.77,0.76,0.77,0.78,0.82,0.92,1.02,1.05,1.11,1.17,1.15,1.13,1.09,1.06,1.13,1.17,1.11,1.05,0.98,0.91,0.86,0.78,0.71,0.69,0.82,0.92,0.93,0.90,0.92,0.91,0.88,0.92,0.93,0.91,0.83,0.66,0.60,0.57,0.56,0.57,0.57,0.58,0.58,0.57,0.54,0.51,0.50,0.48,0.49,0.49,0.50,0.46,0.42,inf,inf,inf,inf,inf,inf,inf,inf
inf,0.59,0.59,0.63,0.61,0.57,0.56,0.60,0.62,0.61,0.57,0.55,0.51,0.47,0.47,0.47,0.46,0.46,0.42,0.43,0.42,0.42,0.42,0.42,0.42,0.42,0.41,0.37,0.35,0.34,0.33,0.33,0.34,0.37,0.37,0.36,0.36,0.33,0.32,0.37,0.42,0.55,0.67,0.81,0.93,1.00,1.00,1.00,0.99,0.90,0.86,0.83,0.81,0.79,0.78,0.75,0.74,0.74,0.75,0.75,0.76,0.75,0.77,0.78,0.81,0.89,1.01,1.08,1.17,1.21,1.19,1.17,1.10,1.10,1.19,1.21,1.20,1.12,1.02,0.91,0.82,0.75,0.73,0.78,0.90,0.93,0.90,0.86,0.90,0.90,0.92,0.96,0.94,0.90,0.79,0.65,0.58,0.56,0.56,0.57,0.58,0.59,0.58,0.57,0.54,0.51,0.49,0.48,0.48,0.48,0.48,0.43,0.42,inf,inf,inf,inf,inf,inf,inf,inf
inf,0.58,0.60,0.61,0.53,0.51,0.49,0.50,0.50,0.50,0.50,0.49,0.47,0.46,0.46,0.46,0.47,0.47,0.45,0.43,0.43,0.43,0.43,0.43,0.43,0.43,0.41,0.38,0.35,0.36,0.35,0.35,0.35,0.38,0.40,0.39,0.39,0.36,0.38,0.44,0.47,0.60,0.69,0.81,0.90,0.99,1.03,1.05,0.98,0.87,0.85,0.84,0.82,0.80,0.78,0.76,0.74,0.75,0.76,0.76,0.76,0.75,0.76,0.76,0.81,0.88,1.02,1.12,1.18,1.23,1.23,1.20,1.12,1.12,1.22,1.31,1.27,1.20,1.09,1.00,0.95,0.83,0.81,0.84,0.94,0.95,0.93,0.85,0.88,0.92,0.95,0.99,0.97,0.92,0.82,0.62,0.58,0.57,0.57,0.58,0.59,0.59,0.58,0.56,0.54,0.52,0.50,0.48,0.47,0.50,0.48,0.44,0.43,inf,inf,inf,inf,inf,inf,inf,inf
inf,0.57,0.58,0.59,0.52,0.49,0.53,0.51,0.48,0.49,0.49,0.49,0.48,0.47,0.46,0.46,0.47,0.47,0.47,0.44,0.44,0.44,0.45,0.45,0.44,0.44,0.43,0.39,0.37,0.39,0.38,0.36,0.36,0.39,0.42,0.44,0.46,0.47,0.53,0.55,0.63,0.72,0.81,0.89,0.96,0.99,1.04,1.06,1.03,0.91,0.85,0.84,0.84,0.82,0.80,0.77,0.76,0.76,0.76,0.76,0.77,0.77,0.76,0.77,0.81,0.87,1.01,1.16,1.21,1.24,1.25,1.23,1.15,1.21,1.32,1.40,1.36,1.26,1.18,1.16,1.09,0.99,0.95,0.92,0.98,0.98,0.97,0.93,0.94,1.00,1.00,1.02,1.00,0.93,0.80,0.61,0.57,0.57,0.58,0.59,0.60,0.59,0.57,0.55,0.54,0.53,0.51,0.50,0.48,0.49,0.48,0.45,0.43,inf,inf,inf,inf,inf,inf,inf,inf
inf,0.58,0.59,0.59,0.50,0.50,0.52,0.51,0.49,0.49,0.48,0.49,0.49,0.49,0.48,0.46,0.47,0.49,0.47,0.45,0.45,0.47,0.48,0.47,0.45,0.44,0.46,0.41,0.40,0.44,0.46,0.46,0.49,0.51,0.50,0.56,0.62,0.63,0.73,0.72,0.86,0.88,0.96,1.02,1.02,0.97,0.98,1.03,1.02,0.98,0.87,0.84,0.83,0.83,0.81,0.80,0.78,0.78,0.76,0.77,0.78,0.78,0.77,0.78,0.82,0.87,0.99,1.11,1.17,1.21,1.27,1.30,1.25,1.29,1.36,1.45,1.44,1.38,1.30,1.31,1.25,1.18,1.10,1.04,1.07,1.07,1.12,1.05,1.07,1.08,1.07,1.06,1.00,0.90,0.71,0.60,0.58,0.59,0.59,0.59,0.59,0.58,0.57,0.56,0.55,0.54,0.53,0.51,0.50,0.51,0.49,0.44,0.43,inf,inf,inf,inf,inf,inf,inf,inf
inf,0.58,0.60,0.57,0.53,0.50,0.50,0.51,0.49,0.50,0.50,0.49,0.48,0.48,0.47,0.47,0.47,0.50,0.48,0.48,0.47,0.48,0.48,0.48,0.45,0.45,0.47,0.49,0.57,0.63,0.68,0.76,0.73,0.67,0.67,0.73,0.74,0.80,0.86,0.92,0.97,1.04,1.06,1.05,1.00,0.95,0.92,0.94,1.02,1.02,0.93,0.84,0.83,0.83,0.82,0.82,0.80,0.78,0.77,0.76,0.77,0.78,0.78,0.79,0.82,0.86,0.94,1.03,1.10,1.17,1.25,1.30,1.32,1.34,1.35,1.42,1.46,1.47,1.42,1.43,1.39,1.31,1.26,1.23,1.24,1.23,1.25,1.20,1.16,1.16,1.13,1.09,0.99,0.83,0.70,0.62,0.62,0.62,0.61,0.59,0.60,0.59,0.59,0.58,0.56,0.54,0.54,0.52,0.51,0.51,0.48,0.44,0.44,inf,inf,inf,inf,inf,inf,inf,inf
inf,0.60,0.63,0.58,0.56,0.52,0.49,0.49,0.49,0.50,0.50,0.48,0.49,0.49,0.49,0.48,0.48,0.50,0.49,0.50,0.50,0.52,0.51,0.51,0.49,0.51,0.54,0.65,0.72,0.79,0.86,0.89,0.78,0.77,0.78,0.86,0.90,0.94,1.04,1.07,1.09,1.07,1.03,0.99,0.96,0.92,0.89,0.89,1.01,1.03,1.00,0.86,0.83,0.83,0.82,0.82,0.80,0.80,0.78,0.76,0.77,0.79,0.79,0.79,0.82,0.87,0.94,1.03,1.10,1.17,1.24,1.28,1.32,1.37,1.41,1.39,1.45,1.52,1.56,1.58,1.53,1.48,1.43,1.37,1.38,1.41,1.40,1.33,1.25,1.22,1.13,1.08,0.95,0.80,0.71,0.69,0.68,0.65,0.62,0.62,0.61,0.60,0.60,0.60,0.57,0.55,0.54,0.53,0.51,0.53,0.49,0.45,0.46,inf,inf,inf,inf,inf,inf,inf,inf
inf,0.61,0.65,0.61,0.58,0.55,0.49,0.48,0.48,0.50,0.51,0.50,0.50,0.50,0.50,0.50,0.50,0.53,0.52,0.52,0.58,0.62,0.64,0.63,0.61,0.67,0.72,0.80,0.85,0.89,0.94,0.93,0.89,0.93,0.97,1.01,1.02,1.09,1.15,1.12,1.09,1.02,1.00,0.95,0.92,0.89,0.88,0.88,0.95,1.01,1.02,0.93,0.83,0.83,0.83,0.83,0.81,0.80,0.78,0.78,0.77,0.79,0.79,0.79,0.83,0.88,0.96,1.05,1.12,1.18,1.21,1.24,1.29,1.40,1.45,1.50,1.49,1.57,1.63,1.66,1.64,1.62,1.59,1.51,1.52,1.53,1.49,1.44,1.34,1.25,1.16,1.11,1.01,0.89,0.81,0.80,0.75,0.71,0.66,0.62,0.60,0.60,0.60,0.63,0.60,0.55,0.54,0.51,0.52,0.51,0.45,0.45,0.48,inf,inf,inf,inf,inf,inf,inf,inf
0.58,0.63,0.67,0.66,0.62,0.59,0.56,0.51,0.51,0.52,0.51,0.52,0.51,0.52,0.51,0.52,0.53,0.57,0.56,0.58,0.65,0.73,0.74,0.78,0.80,0.86,0.90,0.93,0.96,0.98,1.03,1.05,1.07,1.07,1.06,1.06,1.10,1.17,1.18,1.09,1.04,0.99,0.95,0.90,0.88,0.87,0.87,0.87,0.91,1.00,1.00,0.96,0.85,0.83,0.82,0.83,0.82,0.81,0.79,0.78,0.80,0.80,0.80,0.82,0.85,0.91,0.97,1.04,1.17,1.23,1.24,1.28,1.32,1.36,1.45,1.52,1.55,1.68,1.69,1.70,1.71,1.70,1.66,1.68,1.75,1.67,1.61,1.49,1.40,1.29,1.23,1.21,1.10,1.03,0.96,0.88,0.83,0.76,0.69,0.64,0.63,0.64,0.60,0.59,0.59,0.56,0.54,0.54,0.54,0.50,0.44,0.46,inf,inf,inf,inf,inf,inf,inf,inf,inf
0.59,0.61,0.65,0.69,0.67,0.64,0.62,0.64,0.63,0.60,0.61,0.62,0.61,0.58,0.58,0.64,0.66,0.68,0.69,0.72,0.76,0.85,0.88,0.97,1.01,1.00,1.01,1.03,1.10,1.11,1.17,1.20,1.20,1.20,1.09,1.05,1.12,1.20,1.15,1.07,1.02,0.97,0.91,0.88,0.86,0.85,0.85,0.85,0.88,0.97,1.00,0.98,0.89,0.82,0.81,0.82,0.82,0.81,0.79,0.78,0.79,0.81,0.82,0.82,0.86,0.92,1.00,1.14,1.26,1.30,1.31,1.33,1.38,1.40,1.43,1.50,1.61,1.78,1.78,1.77,1.75,1.75,1.77,1.89,1.89,1.83,1.71,1.59,1.47,1.40,1.33,1.27,1.20,1.09,0.99,0.84,0.85,0.79,0.70,0.66,0.64,0.63,0.63,0.60,0.59,0.56,0.55,0.55,0.54,0.53,0.46,0.47,inf,inf,inf,inf,inf,inf,inf,inf,inf
0.61,0.62,0.67,0.71,0.71,0.71,0.72,0.74,0.75,0.76,0.76,0.77,0.72,0.74,0.76,0.76,0.75,0.75,0.77,0.82,0.89,1.01,1.08,1.12,1.08,1.03,1.07,1.14,1.21,1.19,1.23,1.24,1.20,1.20,1.11,1.03,1.14,1.18,1.12,1.05,1.00,0.94,0.89,0.85,0.84,0.83,0.83,0.84,0.85,0.94,1.02,1.01,0.94,0.81,0.82,0.82,0.81,0.81,0.80,0.80,0.81,0.83,0.84,0.84,0.86,0.93,1.02,1.23,1.32,1.36,1.38,1.39,1.42,1.44,1.46,1.54,1.64,1.77,1.85,1.88,1.84,1.76,1.84,1.97,1.96,1.94,1.81,1.68,1.61,1.56,1.45,1.36,1.27,1.21,1.07,0.95,0.94,0.85,0.72,0.66,0.65,0.63,0.62,0.60,0.59,0.57,0.57,0.55,0.57,0.52,0.48,0.48,inf,inf,inf,inf,inf,inf,inf,inf,inf
0.60,0.63,0.68,0.72,0.75,0.80,0.83,0.85,0.82,0.86,0.89,0.88,0.90,0.90,0.84,0.86,0.84,0.93,0.95,0.97,0.98,1.10,1.18,1.20,1.13,1.11,1.21,1.28,1.26,1.23,1.20,1.20,1.12,1.10,1.06,1.03,1.11,1.10,1.00,0.95,0.91,0.87,0.84,0.83,0.82,0.82,0.81,0.81,0.85,0.91,1.00,1.02,0.97,0.82,0.80,0.80,0.80,0.80,0.80,0.81,0.83,0.85,0.86,0.86,0.87,0.91,1.03,1.22,1.32,1.39,1.43,1.46,1.49,1.49,1.53,1.56,1.70,1.77,1.88,1.94,1.93,1.88,1.92,2.00,2.03,1.95,1.89,1.79,1.75,1.72,1.59,1.47,1.38,1.29,1.20,1.11,1.02,0.87,0.75,0.67,0.64,0.62,0.63,0.62,0.60,0.62,0.60,0.54,0.55,0.53,0.47,0.47,inf,inf,inf,inf,inf,inf,inf,inf,inf
0.63,0.64,0.67,0.72,0.79,0.88,0.96,0.97,0.98,0.99,0.97,1.00,1.05,1.06,0.98,1.01,1.07,1.13,1.16,1.11,1.06,1.14,1.24,1.21,1.23,1.25,1.29,1.36,1.25,1.18,1.23,1.12,1.03,1.00,0.97,0.99,0.98,0.96,0.92,0.85,0.84,0.82,0.81,0.80,0.80,0.79,0.79,0.80,0.82,0.86,0.95,1.00,0.98,0.87,0.81,0.80,0.80,0.79,0.79,0.80,0.82,0.84,0.87,0.86,0.88,0.90,0.99,1.17,1.31,1.38,1.46,1.49,1.56,1.58,1.60,1.65,1.70,1.80,1.87,1.93,1.97,1.94,1.96,2.01,2.03,1.99,1.98,1.90,1.94,1.87,1.73,1.63,1.49,1.41,1.28,1.16,1.07,0.95,0.83,0.73,0.64,0.62,0.65,0.65,0.62,0.65,0.58,0.55,0.53,0.52,0.48,0.47,inf,inf,inf,inf,inf,inf,inf,inf,inf
inf,0.65,0.68,0.74,0.82,0.91,0.95,0.96,0.99,1.01,1.05,1.11,1.15,1.09,1.08,1.15,1.18,1.20,1.14,1.10,1.14,1.24,1.27,1.20,1.21,1.27,1.31,1.30,1.17,1.12,1.13,1.07,0.95,0.91,0.89,0.87,0.87,0.84,0.82,0.80,0.78,0.78,0.78,0.77,0.76,0.77,0.76,0.77,0.80,0.83,0.94,0.98,0.96,0.94,0.94,0.91,0.88,0.85,0.81,0.80,0.82,0.84,0.86,0.87,0.89,0.90,0.97,1.09,1.20,1.32,1.49,1.58,1.63,1.66,1.65,1.72,1.75,1.78,1.87,1.95,1.97,1.96,1.99,2.04,2.10,2.11,2.03,2.04,2.07,2.00,1.88,1.78,1.67,1.54,1.37,1.23,1.13,1.03,0.91,0.78,0.66,0.63,0.63,0.62,0.61,0.61,0.58,0.54,0.54,0.54,0.52,inf,inf,inf,inf,inf,inf,inf,inf,inf,inf
0.66,0.68,0.70,0.74,0.81,0.89,0.94,1.00,1.04,1.09,1.09,1.08,1.06,1.11,1.11,1.14,1.23,1.19,1.12,1.11,1.14,1.22,1.21,1.16,1.12,1.14,1.20,1.14,1.03,1.01,0.96,0.92,0.88,0.82,0.79,0.78,0.77,0.77,0.77,0.77,0.76,0.76,0.76,0.76,0.76,0.75,0.76,0.77,0.79,0.84,0.91,0.93,0.89,0.92,0.96,0.96,0.96,0.93,0.90,0.89,0.85,0.86,0.88,0.91,0.90,0.91,0.96,1.04,1.16,1.36,1.52,1.61,1.68,1.71,1.77,1.81,1.80,1.81,1.91,2.00,2.03,2.02,2.08,2.14,2.17,2.17,2.15,2.16,2.18,2.15,2.06,1.93,1.80,1.62,1.48,1.34,1.23,1.11,1.04,0.88,0.75,0.68,0.66,0.64,0.61,0.60,0.58,0.55,0.54,0.55,0.52,inf,inf,inf,inf,inf,inf,inf,inf,inf,inf
0.66,0.69,0.72,0.76,0.82,0.87,0.91,1.02,1.05,1.05,1.01,1.00,1.06,1.12,1.12,1.15,1.23,1.13,1.07,1.11,1.12,1.14,1.13,1.11,1.04,1.01,0.99,0.96,0.93,0.91,0.90,0.86,0.79,0.77,0.75,0.73,0.73,0.73,0.74,0.74,0.75,0.74,0.74,0.75,0.75,0.75,0.75,0.76,0.81,0.90,0.89,0.82,0.75,0.81,0.95,0.95,0.95,0.93,0.92,0.93,0.90,0.91,0.94,0.96,0.96,0.97,1.00,1.04,1.16,1.28,1.45,1.62,1.72,1.78,1.87,1.88,1.85,1.87,1.92,2.06,2.11,2.12,2.17,2.21,2.26,2.25,2.29,2.24,2.22,2.24,2.20,2.04,1.87,1.70,1.57,1.46,1.34,1.24,1.13,0.99,0.89,0.76,0.69,0.66,0.62,0.60,0.59,0.56,0.57,0.55,0.51,inf,inf,inf,inf,inf,inf,inf,inf,inf,inf
0.67,0.68,0.73,0.76,0.82,0.85,0.90,0.94,0.96,0.96,0.96,1.00,1.03,1.05,1.13,1.19,1.22,1.13,1.03,1.05,1.05,1.06,1.04,1.01,0.94,0.93,0.91,0.90,0.86,0.86,0.81,0.78,0.76,0.77,0.77,0.77,0.73,0.73,0.73,0.73,0.73,0.73,0.74,0.74,0.75,0.74,0.74,0.75,0.84,0.90,0.91,0.82,0.70,0.87,0.99,0.99,0.92,0.86,0.96,0.94,0.90,0.87,0.91,0.98,0.99,1.03,1.04,1.10,1.25,1.27,1.42,1.58,1.72,1.83,1.93,1.94,1.90,1.99,2.04,2.11,2.16,2.20,2.22,2.25,2.36,2.38,2.34,2.39,2.36,2.31,2.29,2.16,2.00,1.81,1.68,1.57,1.51,1.42,1.24,1.15,1.01,0.87,0.75,0.69,0.67,0.62,0.60,0.56,0.56,0.56,0.52,inf,inf,inf,inf,inf,inf,inf,inf,inf,inf
0.69,0.71,0.77,0.82,0.83,0.86,0.88,0.90,0.92,0.93,0.95,0.97,0.98,1.01,1.10,1.10,1.10,1.07,1.05,1.03,1.00,0.98,0.95,0.93,0.88,0.87,0.84,0.82,0.80,0.78,0.77,0.75,0.76,0.74,0.76,0.77,0.73,0.72,0.72,0.73,0.74,0.74,0.74,0.74,0.75,0.75,0.75,0.74,0.77,0.81,0.87,0.87,0.86,0.92,0.97,0.98,0.92,0.88,1.02,1.02,0.95,0.83,0.98,1.04,1.00,1.04,1.11,1.31,1.49,1.43,1.45,1.55,1.69,1.83,1.95,2.03,2.03,2.08,2.13,2.18,2.25,2.28,2.31,2.36,2.44,2.48,2.42,2.45,2.43,2.38,2.36,2.26,2.10,1.92,1.84,1.72,1.68,1.59,1.45,1.30,1.15,0.99,0.84,0.74,0.71,0.66,0.64,0.58,0.56,0.56,inf,inf,inf,inf,inf,inf,inf,inf,inf,inf,inf
0.70,0.72,0.78,0.81,0.84,0.85,0.85,0.86,0.88,0.87,0.90,0.91,0.90,0.92,0.96,0.95,0.96,0.99,0.99,0.97,0.95,0.93,0.88,0.85,0.83,0.81,0.77,0.76,0.75,0.76,0.75,0.74,0.75,0.75,0.75,0.75,0.71,0.71,0.72,0.72,0.73,0.73,0.73,0.75,0.75,0.75,0.75,0.75,0.75,0.75,0.79,0.88,0.89,0.90,0.90,0.92,0.90,0.91,0.96,0.98,0.93,0.90,0.99,1.03,1.02,1.13,1.25,1.44,1.52,1.57,1.57,1.60,1.72,1.83,1.95,2.04,2.09,2.12,2.17,2.23,2.28,2.31,2.34,2.40,2.47,2.50,2.50,2.51,2.48,2.48,2.45,2.38,2.25,2.07,1.99,1.87,1.83,1.72,1.58,1.39,1.15,0.95,0.84,0.75,0.71,0.66,0.63,0.60,0.57,0.56,inf,inf,inf,inf,inf,inf,inf,inf,inf,inf,inf
0.72,0.74,0.79,0.80,0.81,0.81,0.83,0.83,0.82,0.82,0.83,0.83,0.81,0.84,0.86,0.89,0.88,0.92,0.93,0.94,0.94,0.90,0.85,0.80,0.78,0.77,0.77,0.76,0.76,0.76,0.77,0.76,0.75,0.74,0.74,0.72,0.69,0.69,0.70,0.71,0.71,0.71,0.73,0.75,0.77,0.76,0.73,0.73,0.74,0.74,0.75,0.80,0.80,0.81,0.81,0.84,0.89,0.91,0.93,0.95,0.95,0.94,0.97,1.02,1.12,1.24,1.38,1.51,1.60,1.68,1.71,1.68,1.78,1.86,1.94,2.02,2.06,2.12,2.22,2.30,2.38,2.39,2.39,2.41,2.47,2.50,2.53,2.58,2.59,2.62,2.60,2.54,2.42,2.29,2.16,2.02,1.88,1.78,1.62,1.43,1.19,0.97,0.87,0.77,0.72,0.65,0.61,0.60,0.57,0.55,inf,inf,inf,inf,inf,inf,inf,inf,inf,inf,inf
0.73,0.74,0.78,0.79,0.80,0.79,0.78,0.77,0.76,0.77,0.78,0.78,0.77,0.78,0.81,0.84,0.85,0.87,0.89,0.92,0.91,0.89,0.88,0.83,0.80,0.82,0.82,0.83,0.81,0.77,0.74,0.75,0.72,0.71,0.71,0.69,0.69,0.69,0.68,0.69,0.71,0.74,0.77,0.80,0.81,0.78,0.75,0.74,0.73,0.73,0.74,0.74,0.75,0.75,0.77,0.78,0.81,0.85,0.86,0.88,0.90,0.91,0.94,1.03,1.19,1.31,1.48,1.59,1.67,1.74,1.77,1.75,1.81,1.88,1.96,2.03,2.06,2.14,2.24,2.34,2.41,2.43,2.41,2.46,2.53,2.56,2.59,2.67,2.73,2.80,2.78,2.75,2.63,2.50,2.37,2.17,2.03,1.85,1.69,1.52,1.30,1.10,0.99,0.85,0.73,0.64,0.62,0.61,0.57,0.56,inf,inf,inf,inf,inf,inf,inf,inf,inf,inf,inf
0.74,0.75,0.74,0.77,0.76,0.76,0.73,0.73,0.72,0.74,0.76,0.77,0.79,0.79,0.82,0.83,0.83,0.85,0.88,0.92,0.94,0.94,0.93,0.91,0.90,0.90,0.88,0.88,0.85,0.81,0.77,0.75,0.72,0.70,0.68,0.68,0.69,0.69,0.69,0.70,0.73,0.80,0.85,0.88,0.89,0.87,0.82,0.78,0.75,0.75,0.74,0.74,0.74,0.75,0.76,0.77,0.79,0.81,0.84,0.86,0.87,0.89,0.94,1.03,1.14,1.27,1.41,1.53,1.64,1.75,1.79,1.81,1.86,1.91,1.97,2.03,2.10,2.14,2.26,2.34,2.41,2.44,2.46,2.54,2.62,2.67,2.72,2.82,2.88,2.95,2.98,2.97,2.81,2.68,2.50,2.33,2.13,1.98,1.79,1.58,1.42,1.23,1.07,0.88,0.74,0.65,0.64,0.65,0.61,0.59,inf,inf,inf,inf,inf,inf,inf,inf,inf,inf,inf
0.78,0.77,0.81,0.82,0.81,0.76,0.74,0.74,0.77,0.80,0.85,0.85,0.88,0.87,0.89,0.90,0.89,0.90,0.92,0.94,0.95,0.96,0.97,0.97,0.97,0.96,0.91,0.91,0.88,0.85,0.80,0.78,0.77,0.71,0.67,0.68,0.69,0.70,0.71,0.73,0.79,0.87,0.95,0.99,1.00,0.98,0.89,0.85,0.83,0.82,0.78,0.74,0.73,0.74,0.76,0.77,0.79,0.81,0.83,0.85,0.86,0.87,0.95,1.07,1.16,1.26,1.36,1.50,1.61,1.74,1.81,1.84,1.88,1.93,1.98,2.05,2.11,2.16,2.26,2.34,2.41,2.47,2.53,2.63,2.74,2.82,2.86,2.99,3.08,3.12,3.18,3.13,3.05,2.86,2.64,2.42,2.26,2.08,1.89,1.68,1.46,1.25,1.03,0.88,0.74,0.68,0.70,0.66,0.62,inf,inf,inf,inf,inf,inf,inf,inf,inf,inf,inf,inf
inf,0.82,0.83,0.86,0.86,0.81,0.79,0.84,0.90,0.91,1.01,1.00,1.04,1.05,1.08,1.05,1.05,1.02,1.01,0.98,0.96,0.96,0.97,0.99,0.98,0.96,0.95,0.92,0.91,0.90,0.89,0.87,0.80,0.77,0.73,0.71,0.73,0.76,0.78,0.78,0.86,0.95,1.02,1.03,1.01,1.03,1.03,1.02,0.99,0.93,0.85,0.78,0.73,0.72,0.75,0.76,0.79,0.86,0.86,0.87,0.87,0.87,0.95,1.07,1.21,1.30,1.42,1.54,1.66,1.76,1.83,1.88,1.94,1.96,2.02,2.07,2.12,2.19,2.27,2.34,2.41,2.52,2.62,2.77,2.86,2.97,3.04,3.17,3.26,3.31,3.33,3.32,3.19,3.01,2.81,2.58,2.33,2.16,1.96,1.73,1.49,1.29,1.06,0.86,0.75,0.73,0.70,0.68,0.62,inf,inf,inf,inf,inf,inf,inf,inf,inf,inf,inf,inf
inf,0.84,0.89,0.91,0.90,0.87,0.90,0.96,1.01,1.10,1.24,1.20,1.17,1.22,1.23,1.25,1.28,1.22,1.18,1.05,1.01,0.97,0.95,0.94,0.93,0.95,0.96,0.94,0.92,0.90,0.93,0.90,0.84,0.82,0.77,0.77,0.78,0.82,0.86,0.85,0.89,0.89,0.82,0.82,0.81,0.91,1.00,1.11,1.11,1.03,0.94,0.85,0.78,0.77,0.76,0.78,0.83,0.90,0.92,0.94,0.94,0.90,0.96,1.11,1.24,1.38,1.50,1.63,1.72,1.79,1.86,1.90,1.96,2.02,2.07,2.12,2.18,2.24,2.33,2.41,2.50,2.62,2.76,2.89,3.00,3.09,3.23,3.32,3.42,3.52,3.53,3.47,3.35,3.11,2.88,2.68,2.45,2.27,2.04,1.80,1.55,1.28,1.07,0.91,0.81,0.80,0.72,0.69,0.63,inf,inf,inf,inf,inf,inf,inf,inf,inf,inf,inf,inf
inf,inf,inf,0.97,1.00,1.01,1.06,1.13,1.22,1.27,1.36,1.37,1.39,1.40,1.39,1.44,1.44,1.42,1.37,1.28,1.16,1.04,0.98,0.90,0.86,0.86,0.89,0.93,0.93,0.90,0.89,0.93,0.90,0.92,0.87,0.85,0.85,0.91,0.93,0.91,0.82,0.69,0.61,0.54,0.56,0.64,0.82,1.03,1.14,1.13,1.05,0.96,0.89,0.88,0.90,0.89,0.86,0.94,0.99,1.01,1.00,0.98,1.05,1.16,1.28,1.44,1.58,1.68,1.79,1.85,1.91,1.96,2.03,2.10,2.13,2.19,2.25,2.34,2.42,2.50,2.57,2.71,2.86,2.99,3.12,3.22,3.33,3.50,3.57,3.66,3.68,3.59,3.39,3.17,2.93,2.73,2.53,2.32,2.07,1.84,1.55,1.33,1.16,0.98,0.88,0.90,0.80,0.73,0.70,inf,inf,inf,inf,inf,inf,inf,inf,inf,inf,inf,inf
inf,inf,inf,1.05,1.16,1.17,1.23,1.34,1.37,1.45,1.48,1.52,1.52,1.50,1.55,1.59,1.60,1.60,1.51,1.41,1.35,1.20,1.06,0.94,0.86,0.84,0.86,0.86,0.85,0.87,0.87,0.89,0.92,0.95,0.94,0.93,0.94,0.98,0.97,0.91,0.69,0.54,0.44,0.41,0.41,0.47,0.62,0.87,1.06,1.19,1.15,1.06,0.96,0.98,1.02,1.03,1.05,1.07,1.05,1.09,1.12,1.12,1.21,1.32,1.38,1.48,1.62,1.75,1.88,1.95,1.98,2.03,2.11,2.19,2.23,2.27,2.35,2.44,2.51,2.57,2.69,2.83,2.98,3.11,3.25,3.35,3.48,3.60,3.72,3.79,3.75,3.61,3.39,3.20,2.99,2.78,2.55,2.34,2.10,1.86,1.60,1.37,1.17,1.02,0.95,0.91,0.88,0.78,0.72,inf,inf,inf,inf,inf,inf,inf,inf,inf,inf,inf,inf
inf,inf,inf,inf,1.27,1.39,1.45,1.51,1.57,1.61,1.63,1.65,1.64,1.67,1.67,1.70,1.71,1.68,1.64,1.55,1.47,1.33,1.15,1.02,0.91,0.88,0.87,0.86,0.84,0.83,0.83,0.82,0.85,0.90,0.94,0.98,1.03,1.05,1.02,0.83,0.57,0.45,0.42,0.41,0.41,0.42,0.49,0.68,0.91,1.18,1.23,1.13,1.05,1.07,1.09,1.13,1.19,1.19,1.17,1.19,1.25,1.26,1.30,1.41,1.47,1.52,1.61,1.75,1.90,2.00,2.06,2.16,2.23,2.29,2.35,2.36,2.42,2.50,2.58,2.65,2.81,3.00,3.11,3.27,3.36,3.43,3.49,3.58,3.71,3.78,3.74,3.63,3.48,3.23,3.03,2.78,2.57,2.33,2.12,1.88,1.60,1.40,1.25,1.07,0.93,0.93,0.88,0.83,0.76,inf,inf,inf,inf,inf,inf,inf,inf,inf,inf,inf,inf
inf,inf,inf,inf,inf,inf,1.56,1.67,1.73,1.77,1.80,1.80,1.81,1.81,1.80,1.80,1.81,1.78,1.74,1.66,1.54,1.43,1.27,1.12,0.98,0.89,0.88,0.86,0.83,0.83,0.81,0.80,0.78,0.82,0.89,0.96,1.04,1.07,0.96,0.71,0.52,0.41,0.42,0.40,0.39,0.39,0.41,0.56,0.75,1.03,1.25,1.20,1.12,1.11,1.15,1.20,1.24,1.26,1.28,1.29,1.31,1.30,1.32,1.43,1.49,1.59,1.67,1.79,1.92,2.02,2.11,2.18,2.29,2.39,2.47,2.49,2.54,2.60,2.66,2.73,2.89,3.07,3.23,3.37,3.43,3.41,3.43,3.51,3.59,3.71,3.72,3.60,3.45,3.23,2.99,2.80,2.60,2.37,2.15,1.92,1.71,1.47,1.32,1.14,0.98,0.88,0.85,0.81,inf,inf,inf,inf,inf,inf,inf,inf,inf,inf,inf,inf,inf
inf,inf,inf,inf,inf,inf,inf,1.78,1.87,1.93,1.94,1.93,1.95,1.90,1.89,1.89,1.90,1.85,1.82,1.71,1.59,1.49,1.39,1.25,1.06,0.98,0.87,0.86,0.82,0.83,0.80,0.78,0.77,0.79,0.84,0.95,1.06,1.08,0.94,0.67,0.46,0.41,0.40,0.39,0.38,0.37,0.39,0.49,0.71,0.97,1.17,1.20,1.14,1.13,1.17,1.22,1.22,1.25,1.27,1.28,1.29,1.29,1.33,1.45,1.58,1.66,1.75,1.84,1.93,1.99,2.06,2.19,2.30,2.44,2.54,2.57,2.62,2.68,2.78,2.85,2.99,3.15,3.29,3.38,3.36,3.32,3.35,3.43,3.55,3.67,3.67,3.54,3.37,3.18,3.00,2.79,2.58,2.39,2.18,1.97,1.78,1.53,1.35,1.18,1.02,0.89,0.82,0.74,inf,inf,inf,inf,inf,inf,inf,inf,inf,inf,inf,inf,inf
inf,inf,inf,inf,inf,inf,inf,inf,inf,2.06,2.06,2.08,2.05,1.99,1.99,1.98,1.99,1.94,1.88,1.79,1.70,1.60,1.49,1.38,1.23,1.06,0.93,0.89,0.84,0.82,0.80,0.77,0.77,0.78,0.82,0.95,1.05,1.08,0.97,0.73,0.46,0.39,0.39,0.38,0.38,0.38,0.38,0.43,0.61,0.88,1.12,1.11,1.07,1.06,1.09,1.13,1.14,1.13,1.17,1.17,1.20,1.21,1.29,1.42,1.55,1.68,1.78,1.87,1.94,1.99,2.07,2.19,2.34,2.46,2.56,2.64,2.70,2.80,2.88,3.00,3.11,3.25,3.35,3.33,3.27,3.26,3.31,3.38,3.54,3.65,3.58,3.46,3.30,3.13,2.94,2.75,2.58,2.36,2.18,1.98,1.79,1.59,1.41,1.24,1.09,0.97,0.83,0.72,inf,inf,inf,inf,inf,inf,inf,inf,inf,inf,inf,inf,inf
inf,inf,inf,inf,inf,inf,inf,inf,inf,inf,2.19,2.23,2.12,2.16,2.10,2.11,2.10,2.07,1.98,1.87,1.79,1.68,1.57,1.46,1.34,1.17,1.00,0.95,0.89,0.85,0.81,0.78,0.78,0.79,0.80,0.90,1.05,1.08,1.02,0.76,0.49,0.40,0.38,0.38,0.38,0.38,0.40,0.43,0.59,0.85,1.05,1.00,0.94,0.94,0.97,0.97,0.99,1.00,1.02,1.04,1.04,1.08,1.18,1.30,1.48,1.64,1.78,1.87,1.93,2.03,2.12,2.22,2.35,2.46,2.58,2.68,2.77,2.92,3.07,3.18,3.28,3.37,3.39,3.33,3.26,3.27,3.32,3.43,3.56,3.57,3.46,3.35,3.19,3.02,2.83,2.63,2.47,2.28,2.09,1.90,1.71,1.56,1.41,1.23,1.09,0.97,0.84,0.72,inf,inf,inf,inf,inf,inf,inf,inf,inf,inf,inf,inf,inf
inf,inf,inf,inf,inf,inf,inf,inf,inf,inf,inf,inf,2.27,2.26,2.23,2.19,2.19,2.14,2.03,2.02,1.91,1.77,1.65,1.53,1.40,1.23,1.08,0.98,0.92,0.88,0.83,0.80,0.78,0.78,0.80,0.85,0.98,1.07,1.06,0.80,0.59,0.43,0.38,0.38,0.39,0.38,0.40,0.44,0.63,0.88,0.94,0.91,0.87,0.83,0.85,0.88,0.91,0.94,0.96,0.98,0.98,1.01,1.09,1.20,1.33,1.50,1.67,1.80,1.88,2.01,2.13,2.20,2.29,2.42,2.56,2.74,2.88,3.04,3.21,3.32,3.44,3.49,3.42,3.38,3.30,3.34,3.43,3.49,3.51,3.43,3.34,3.20,3.06,2.91,2.72,2.57,2.38,2.22,2.06,1.85,1.67,1.46,1.33,1.19,1.05,0.93,0.85,inf,inf,inf,inf,inf,inf,inf,inf,inf,inf,inf,inf,inf,inf
inf,inf,inf,inf,inf,inf,inf,inf,inf,inf,inf,inf,inf,2.34,2.38,2.28,2.27,2.21,2.14,2.05,1.99,1.88,1.74,1.53,1.39,1.24,1.14,0.99,0.95,0.89,0.83,0.82,0.79,0.79,0.80,0.81,0.91,1.03,1.06,0.99,0.77,0.52,0.40,0.38,0.39,0.39,0.42,0.43,0.65,0.89,0.87,0.83,0.79,0.78,0.82,0.85,0.89,0.91,0.93,0.94,0.92,0.93,1.00,1.09,1.28,1.39,1.55,1.70,1.80,1.93,2.07,2.13,2.21,2.35,2.56,2.75,2.93,3.12,3.26,3.45,3.58,3.54,3.43,3.38,3.36,3.44,3.50,3.45,3.39,3.28,3.16,3.02,2.95,2.78,2.67,2.49,2.30,2.10,1.97,1.77,1.57,1.34,1.21,1.14,0.99,0.88,inf,inf,inf,inf,inf,inf,inf,inf,inf,inf,inf,inf,inf,inf,inf
inf,inf,inf,inf,inf,inf,inf,inf,inf,inf,inf,inf,inf,inf,2.44,2.39,2.36,2.28,2.21,2.16,2.03,1.91,1.77,1.54,1.37,1.27,1.14,1.01,0.97,0.91,0.86,0.84,0.83,0.81,0.79,0.80,0.84,0.94,1.06,1.05,0.91,0.69,0.50,0.43,0.42,0.41,0.42,0.51,0.70,0.87,0.81,0.75,0.77,0.78,0.79,0.82,0.85,0.88,0.89,0.87,0.87,0.83,0.90,1.04,1.18,1.28,1.40,1.58,1.74,1.88,2.00,2.11,2.22,2.41,2.55,2.74,2.92,3.09,3.33,3.49,3.55,3.45,3.40,3.36,3.39,3.44,3.39,3.33,3.20,3.11,2.99,2.89,2.75,2.66,2.51,2.34,2.17,2.01,1.83,1.65,1.49,1.31,1.16,1.03,0.92,0.85,inf,inf,inf,inf,inf,inf,inf,inf,inf,inf,inf,inf,inf,inf,inf
inf,inf,inf,inf,inf,inf,inf,inf,inf,inf,inf,inf,inf,inf,inf,inf,2.46,2.40,2.26,2.14,2.03,1.94,1.84,1.64,1.44,1.28,1.13,1.04,0.97,0.92,0.88,0.84,0.84,0.82,0.79,0.80,0.81,0.86,0.98,1.07,1.04,0.88,0.67,0.57,0.48,0.46,0.48,0.68,0.84,0.86,0.78,0.76,0.77,0.79,0.79,0.81,0.83,0.84,0.85,0.85,0.83,0.84,0.93,1.02,1.09,1.20,1.36,1.49,1.74,1.88,1.98,2.13,2.26,2.38,2.53,2.65,2.85,3.01,3.20,3.27,3.30,3.32,3.29,3.30,3.30,3.28,3.19,3.10,3.02,2.94,2.81,2.68,2.59,2.50,2.37,2.23,2.08,1.89,1.69,1.51,1.37,1.21,1.08,0.97,0.86,inf,inf,inf,inf,inf,inf,inf,inf,inf,inf,inf,inf,inf,inf,inf,inf
inf,inf,inf,inf,inf,inf,inf,inf,inf,inf,inf,inf,inf,inf,inf,inf,inf,2.38,2.35,2.19,2.06,1.92,1.79,1.63,1.45,1.30,1.15,1.05,0.99,0.95,0.89,0.85,0.88,0.89,0.81,0.81,0.81,0.82,0.87,0.99,1.04,1.01,0.89,0.74,0.66,0.64,0.70,0.86,0.93,0.83,0.78,0.78,0.80,0.80,0.79,0.80,0.82,0.83,0.86,0.87,0.89,0.90,0.93,0.99,1.04,1.15,1.26,1.47,1.68,1.87,2.00,2.28,2.28,2.31,2.46,2.54,2.72,2.83,2.97,3.06,3.10,3.14,3.15,3.16,3.15,3.07,2.99,2.87,2.80,2.74,2.64,2.51,2.41,2.31,2.21,2.08,1.97,1.83,1.65,1.41,1.27,1.11,0.99,0.86,0.82,inf,inf,inf,inf,inf,inf,inf,inf,inf,inf,inf,inf,inf,inf,inf,inf
inf,inf,inf,inf,inf,inf,inf,inf,inf,inf,inf,inf,inf,inf,inf,inf,inf,inf,inf,2.33,2.14,1.99,1.85,1.70,1.46,1.28,1.12,1.07,1.02,0.97,0.90,0.86,0.89,0.87,0.84,0.83,0.81,0.81,0.83,0.88,0.96,0.98,0.95,0.89,0.82,0.84,0.88,0.96,0.91,0.87,0.87,0.78,0.80,0.81,0.80,0.82,0.83,0.84,0.87,0.88,0.92,0.91,0.94,1.01,1.05,1.14,1.23,1.38,1.57,1.82,1.96,2.10,2.18,2.24,2.32,2.43,2.55,2.67,2.80,2.86,2.94,3.00,2.99,3.00,3.01,2.89,2.74,2.65,2.62,2.52,2.48,2.35,2.26,2.14,2.01,1.94,1.84,1.72,1.52,1.36,1.23,1.03,0.91,0.82,inf,inf,inf,inf,inf,inf,inf,inf,inf,inf,inf,inf,inf,inf,inf,inf,inf
inf,inf,inf,inf,inf,inf,inf,inf,inf,inf,inf,inf,inf,inf,inf,inf,inf,inf,inf,inf,2.19,2.03,1.90,1.71,1.54,1.37,1.22,1.11,1.04,0.99,0.94,0.90,0.88,0.89,0.87,0.84,0.83,0.81,0.82,0.82,0.83,0.84,0.87,0.86,0.87,0.93,0.98,0.94,0.85,0.89,0.89,0.79,0.81,0.82,0.82,0.84,0.85,0.85,0.87,0.91,0.93,0.93,0.95,1.17,1.21,1.18,1.23,1.32,1.53,1.72,1.83,1.93,2.07,2.15,2.15,2.27,2.35,2.49,2.60,2.64,2.80,2.79,2.81,2.83,2.79,2.63,2.55,2.45,2.41,2.33,2.25,2.17,2.05,1.97,1.86,1.76,1.66,1.55,1.40,1.26,1.14,0.95,0.87,0.82,inf,inf,inf,inf,inf,inf,inf,inf,inf,inf,inf,inf,inf,inf,inf,inf,inf
inf,inf,inf,inf,inf,inf,inf,inf,inf,inf,inf,inf,inf,inf,inf,inf,inf,inf,inf,inf,inf,2.11,1.99,1.78,1.59,1.43,1.29,1.16,1.09,1.03,0.96,0.92,0.92,0.90,0.89,0.86,0.86,0.84,0.83,0.82,0.81,0.81,0.81,0.82,0.82,0.85,0.88,0.84,0.80,0.78,0.80,0.81,0.83,0.83,0.84,0.85,0.87,0.88,0.91,0.93,0.95,0.97,1.00,1.13,1.19,1.19,1.21,1.29,1.42,1.58,1.70,1.79,1.94,1.99,2.05,2.11,2.21,2.26,2.40,2.55,2.63,2.63,2.60,2.60,2.54,2.40,2.28,2.24,2.21,2.07,2.07,1.98,1.87,1.78,1.66,1.61,1.51,1.42,1.29,1.15,1.03,0.88,0.79,inf,inf,inf,inf,inf,inf,inf,inf,inf,inf,inf,inf,inf,inf,inf,inf,inf,inf
inf,inf,inf,inf,inf,inf,inf,inf,inf,inf,inf,inf,inf,inf,inf,inf,inf,inf,inf,inf,inf,inf,1.95,1.83,1.67,1.54,1.40,1.21,1.13,1.07,0.99,0.97,0.94,0.94,0.92,0.89,0.88,0.87,0.84,0.84,0.84,0.85,0.85,0.82,0.81,0.82,0.81,0.81,0.79,0.80,0.84,0.85,0.85,0.86,0.86,0.87,0.90,0.90,0.93,0.95,0.97,0.99,1.02,1.04,1.09,1.17,1.20,1.24,1.38,1.51,1.60,1.68,1.75,1.82,1.91,1.96,2.04,2.11,2.23,2.36,2.37,2.44,2.36,2.23,2.29,2.22,2.12,2.02,1.97,1.88,1.85,1.77,1.67,1.61,1.52,1.42,1.36,1.27,1.14,1.05,0.94,0.83,inf,inf,inf,inf,inf,inf,inf,inf,inf,inf,inf,inf,inf,inf,inf,inf,inf,inf,inf
inf,inf,inf,inf,inf,inf,inf,inf,inf,inf,inf,inf,inf,inf,inf,inf,inf,inf,inf,inf,inf,inf,inf,inf,1.73,1.61,1.45,1.30,1.17,1.10,1.05,1.02,0.99,0.97,0.94,0.92,0.91,0.90,0.88,0.88,0.87,0.89,0.89,0.86,0.84,0.84,0.82,0.82,0.82,0.84,0.88,0.86,0.88,0.89,0.89,0.91,0.93,0.95,0.96,0.97,1.00,1.01,1.03,1.06,1.10,1.15,1.18,1.20,1.28,1.41,1.53,1.52,1.60,1.68,1.75,1.79,1.88,1.96,2.06,2.15,2.21,2.20,2.00,1.85,1.99,1.95,1.92,1.84,1.79,1.71,1.64,1.55,1.46,1.40,1.35,1.29,1.22,1.13,1.01,0.92,0.83,0.82,inf,inf,inf,inf,inf,inf,inf,inf,inf,inf,inf,inf,inf,inf,inf,inf,inf,inf,inf
inf,inf,inf,inf,inf,inf,inf,inf,inf,inf,inf,inf,inf,inf,inf,inf,inf,inf,inf,inf,inf,inf,inf,inf,inf,1.70,1.58,1.41,1.23,1.19,1.12,1.06,1.01,0.98,0.95,0.94,0.93,0.93,0.93,0.92,0.93,0.93,0.92,0.89,0.87,0.90,0.89,0.89,0.87,0.89,0.90,0.90,0.91,0.91,0.93,0.96,0.98,0.96,0.97,0.99,1.02,1.04,1.06,1.08,1.11,1.15,1.24,1.31,1.28,1.38,1.45,1.42,1.48,1.60,1.62,1.64,1.69,1.80,1.87,1.96,2.01,2.02,1.85,1.83,1.83,1.83,1.73,1.68,1.56,1.50,1.47,1.40,1.25,1.23,1.22,1.17,1.10,1.00,0.90,0.83,0.78,inf,inf,inf,inf,inf,inf,inf,inf,inf,inf,inf,inf,inf,inf,inf,inf,inf,inf,inf,inf
inf,inf,inf,inf,inf,inf,inf,inf,inf,inf,inf,inf,inf,inf,inf,inf,inf,inf,inf,inf,inf,inf,inf,inf,inf,inf,1.63,1.51,1.42,1.32,1.16,1.06,1.03,1.02,0.99,0.98,0.97,0.98,0.98,0.96,0.96,0.95,0.94,0.91,0.91,0.94,0.95,0.95,0.92,0.93,0.93,0.92,0.93,0.94,0.96,0.99,1.02,0.99,1.00,1.01,1.03,1.04,1.09,1.11,1.13,1.16,1.21,1.34,1.28,1.27,1.34,1.36,1.38,1.48,1.50,1.53,1.57,1.65,1.76,1.78,1.86,1.86,1.81,1.80,1.75,1.69,1.64,1.54,1.45,1.39,1.29,1.22,1.12,1.09,1.07,1.02,0.97,0.90,0.83,0.81,inf,inf,inf,inf,inf,inf,inf,inf,inf,inf,inf,inf,inf,inf,inf,inf,inf,inf,inf,inf,inf
inf,inf,inf,inf,inf,inf,inf,inf,inf,inf,inf,inf,inf,inf,inf,inf,inf,inf,inf,inf,inf,inf,inf,inf,inf,inf,inf,1.57,1.51,1.39,1.17,1.06,1.04,1.01,1.00,1.01,1.01,1.01,1.01,0.99,0.97,0.97,0.96,0.94,0.95,0.96,0.98,0.99,0.96,0.95,0.97,0.97,0.96,0.98,0.99,1.03,1.06,1.04,1.03,1.04,1.04,1.07,1.10,1.11,1.15,1.16,1.17,1.21,1.23,1.23,1.28,1.34,1.36,1.37,1.40,1.46,1.54,1.58,1.63,1.66,1.71,1.67,1.63,1.66,1.63,1.58,1.53,1.49,1.38,1.24,1.16,1.09,1.05,0.98,0.92,0.89,0.85,0.83,0.79,0.79,inf,inf,inf,inf,inf,inf,inf,inf,inf,inf,inf,inf,inf,inf,inf,inf,inf,inf,inf,inf,inf
inf,inf,inf,inf,inf,inf,inf,inf,inf,inf,inf,inf,inf,inf,inf,inf,inf,inf,inf,inf,inf,inf,inf,inf,inf,inf,inf,inf,1.52,1.40,1.25,1.10,1.04,1.04,1.05,1.05,1.04,1.03,1.01,1.00,0.98,0.98,0.97,0.97,0.99,1.00,1.02,1.01,0.98,0.99,1.01,1.01,1.01,1.02,1.02,1.05,1.08,1.07,1.06,1.06,1.08,1.09,1.12,1.14,1.15,1.16,1.17,1.21,1.26,1.25,1.27,1.33,1.34,1.35,1.35,1.39,1.49,1.50,1.53,1.54,1.56,1.54,1.51,1.52,1.50,1.46,1.42,1.40,1.32,1.15,1.06,1.00,0.94,0.89,0.86,0.86,0.83,0.79,0.77,inf,inf,inf,inf,inf,inf,inf,inf,inf,inf,inf,inf,inf,inf,inf,inf,inf,inf,inf,inf,inf,inf
inf,inf,inf,inf,inf,inf,inf,inf,inf,inf,inf,inf,inf,inf,inf,inf,inf,inf,inf,inf,inf,inf,inf,inf,inf,inf,inf,inf,inf,inf,1.28,1.15,1.12,1.17,1.18,1.15,1.09,1.04,1.06,1.03,1.01,1.01,1.01,1.02,1.04,1.05,1.07,1.03,1.00,1.01,1.04,1.06,1.04,1.04,1.05,1.08,1.10,1.09,1.09,1.09,1.10,1.12,1.14,1.16,1.16,1.16,1.16,1.22,1.27,1.25,1.25,1.30,1.31,1.32,1.31,1.37,1.45,1.44,1.44,1.44,1.45,1.44,1.43,1.41,1.38,1.35,1.30,1.28,1.22,1.07,0.99,0.92,0.90,0.88,0.85,0.82,0.81,0.79,0.78,inf,inf,inf,inf,inf,inf,inf,inf,inf,inf,inf,inf,inf,inf,inf,inf,inf,inf,inf,inf,inf,inf
inf,inf,inf,inf,inf,inf,inf,inf,inf,inf,inf,inf,inf,inf,inf,inf,inf,inf,inf,inf,inf,inf,inf,inf,inf,inf,inf,inf,inf,inf,inf,1.20,1.27,1.31,1.32,1.37,1.25,1.16,1.17,1.12,1.10,1.10,1.07,1.07,1.08,1.09,1.11,1.06,1.03,1.05,1.09,1.09,1.07,1.09,1.09,1.10,1.11,1.11,1.12,1.12,1.12,1.14,1.16,1.18,1.18,1.17,1.17,1.21,1.25,1.25,1.23,1.26,1.25,1.26,1.26,1.32,1.37,1.38,1.38,1.39,1.36,1.35,1.33,1.32,1.29,1.26,1.21,1.16,1.13,1.05,0.96,0.89,0.88,0.86,0.84,0.83,0.80,0.78,inf,inf,inf,inf,inf,inf,inf,inf,inf,inf,inf,inf,inf,inf,inf,inf,inf,inf,inf,inf,inf,inf,inf
inf,inf,inf,inf,inf,inf,inf,inf,inf,inf,inf,inf,inf,inf,inf,inf,inf,inf,inf,inf,inf,inf,inf,inf,inf,inf,inf,inf,inf,inf,inf,inf,inf,1.51,1.62,1.60,1.45,1.38,1.31,1.29,1.29,1.27,1.23,1.21,1.21,1.16,1.18,1.12,1.14,1.12,1.14,1.16,1.12,1.12,1.13,1.13,1.12,1.13,1.14,1.14,1.14,1.16,1.18,1.20,1.18,1.17,1.18,1.22,1.25,1.25,1.22,1.21,1.24,1.24,1.27,1.27,1.32,1.30,1.29,1.32,1.31,1.30,1.27,1.24,1.21,1.19,1.16,1.11,1.06,1.01,0.93,0.89,0.86,0.84,0.84,0.82,0.80,inf,inf,inf,inf,inf,inf,inf,inf,inf,inf,inf,inf,inf,inf,inf,inf,inf,inf,inf,inf,inf,inf,inf,inf
inf,inf,inf,inf,inf,inf,inf,inf,inf,inf,inf,inf,inf,inf,inf,inf,inf,inf,inf,inf,inf,inf,inf,inf,inf,inf,inf,inf,inf,inf,inf,inf,inf,inf,inf,1.69,1.65,1.57,1.51,1.45,1.44,1.42,1.41,1.40,1.38,1.36,1.37,1.33,1.29,1.28,1.30,1.30,1.28,1.26,1.22,1.20,1.18,1.17,1.15,1.15,1.16,1.17,1.21,1.20,1.17,1.16,1.18,1.22,1.23,1.20,1.19,1.21,1.25,1.25,1.27,1.26,1.24,1.23,1.25,1.26,1.25,1.25,1.21,1.20,1.17,1.13,1.09,1.04,1.01,0.97,0.92,0.91,0.85,0.84,0.83,0.82,inf,inf,inf,inf,inf,inf,inf,inf,inf,inf,inf,inf,inf,inf,inf,inf,inf,inf,inf,inf,inf,inf,inf,inf,inf
inf,inf,inf,inf,inf,inf,inf,inf,inf,inf,inf,inf,inf,inf,inf,inf,inf,inf,inf,inf,inf,inf,inf,inf,inf,inf,inf,inf,inf,inf,inf,inf,inf,inf,inf,inf,inf,1.69,1.66,1.65,1.62,1.60,1.56,1.55,1.54,1.54,1.51,1.49,1.46,1.43,1.47,1.46,1.42,1.43,1.35,1.33,1.29,1.26,1.26,1.22,1.19,1.21,1.22,1.17,1.17,1.17,1.19,1.20,1.20,1.20,1.17,1.19,1.19,1.22,1.23,1.20,1.17,1.18,1.18,1.17,1.18,1.18,1.17,1.15,1.11,1.06,1.02,0.98,0.97,0.93,0.90,0.89,0.84,0.83,0.84,inf,inf,inf,inf,inf,inf,inf,inf,inf,inf,inf,inf,inf,inf,inf,inf,inf,inf,inf,inf,inf,inf,inf,inf,inf,inf
inf,inf,inf,inf,inf,inf,inf,inf,inf,inf,inf,inf,inf,inf,inf,inf,inf,inf,inf,inf,inf,inf,inf,inf,inf,inf,inf,inf,inf,inf,inf,inf,inf,inf,inf,inf,inf,inf,inf,inf,inf,1.71,1.71,1.71,1.71,1.70,1.70,1.64,1.58,1.61,1.58,1.58,1.56,1.52,1.49,1.49,1.44,1.41,1.41,1.39,1.33,1.29,1.31,1.27,1.25,1.20,1.18,1.17,1.17,1.19,1.15,1.17,1.16,1.19,1.20,1.18,1.15,1.14,1.15,1.14,1.13,1.15,1.13,1.11,1.08,1.02,0.99,0.96,0.94,0.89,0.88,0.84,0.84,0.83,inf,inf,inf,inf,inf,inf,inf,inf,inf,inf,inf,inf,inf,inf,inf,inf,inf,inf,inf,inf,inf,inf,inf,inf,inf,inf,inf
inf,inf,inf,inf,inf,inf,inf,inf,inf,inf,inf,inf,inf,inf,inf,inf,inf,inf,inf,inf,inf,inf,inf,inf,inf,inf,inf,inf,inf,inf,inf,inf,inf,inf,inf,inf,inf,inf,inf,inf,inf,inf,inf,inf,inf,inf,inf,1.75,1.77,1.75,1.78,1.78,1.76,1.66,1.61,1.61,1.62,1.59,1.58,1.55,1.49,1.48,1.47,1.46,1.41,1.36,1.33,1.30,1.26,1.24,1.19,1.13,1.15,1.16,1.18,1.13,1.11,1.09,1.09,1.10,1.09,1.10,1.11,1.09,1.07,1.02,1.00,0.95,0.89,0.86,0.84,0.83,0.83,inf,inf,inf,inf,inf,inf,inf,inf,inf,inf,inf,inf,inf,inf,inf,inf,inf,inf,inf,inf,inf,inf,inf,inf,inf,inf,inf,inf
inf,inf,inf,inf,inf,inf,inf,inf,inf,inf,inf,inf,inf,inf,inf,inf,inf,inf,inf,inf,inf,inf,inf,inf,inf,inf,inf,inf,inf,inf,inf,inf,inf,inf,inf,inf,inf,inf,inf,inf,inf,inf,inf,inf,inf,inf,inf,inf,inf,inf,inf,inf,inf,1.80,1.77,1.72,1.74,1.78,1.70,1.70,1.65,1.63,1.61,1.57,1.56,1.53,1.49,1.49,1.44,1.38,1.31,1.26,1.23,1.19,1.18,1.13,1.08,1.07,1.06,1.06,1.07,1.06,1.07,1.06,1.03,1.01,0.97,0.93,0.87,0.84,0.84,inf,inf,inf,inf,inf,inf,inf,inf,inf,inf,inf,inf,inf,inf,inf,inf,inf,inf,inf,inf,inf,inf,inf,inf,inf,inf,inf,inf,inf,inf
inf,inf,inf,inf,inf,inf,inf,inf,inf,inf,inf,inf,inf,inf,inf,inf,inf,inf,inf,inf,inf,inf,inf,inf,inf,inf,inf,inf,inf,inf,inf,inf,inf,inf,inf,inf,inf,inf,inf,inf,inf,inf,inf,inf,inf,inf,inf,inf,inf,inf,inf,inf,inf,inf,inf,inf,inf,inf,inf,inf,inf,1.74,1.71,1.68,1.67,1.64,1.59,1.56,1.55,1.51,1.47,1.43,1.36,1.31,1.27,1.23,1.20,1.17,1.11,1.08,1.04,1.03,1.02,1.02,0.99,0.97,0.92,0.88,0.86,0.85,inf,inf,inf,inf,inf,inf,inf,inf,inf,inf,inf,inf,inf,inf,inf,inf,inf,inf,inf,inf,inf,inf,inf,inf,inf,inf,inf,inf,inf,inf,inf
inf,inf,inf,inf,inf,inf,inf,inf,inf,inf,inf,inf,inf,inf,inf,inf,inf,inf,inf,inf,inf,inf,inf,inf,inf,inf,inf,inf,inf,inf,inf,inf,inf,inf,inf,inf,inf,inf,inf,inf,inf,inf,inf,inf,inf,inf,inf,inf,inf,inf,inf,inf,inf,inf,inf,inf,inf,inf,inf,inf,inf,inf,inf,inf,inf,inf,1.67,1.66,1.64,1.64,1.60,1.54,1.56,1.46,1.41,1.42,1.38,1.31,1.28,1.24,1.14,1.05,1.02,0.97,0.95,0.92,0.90,0.87,0.85,0.85,inf,inf,inf,inf,inf,inf,inf,inf,inf,inf,inf,inf,inf,inf,inf,inf,inf,inf,inf,inf,inf,inf,inf,inf,inf,inf,inf,inf,inf,inf,inf
inf,inf,inf,inf,inf,inf,inf,inf,inf,inf,inf,inf,inf,inf,inf,inf,inf,inf,inf,inf,inf,inf,inf,inf,inf,inf,inf,inf,inf,inf,inf,inf,inf,inf,inf,inf,inf,inf,inf,inf,inf,inf,inf,inf,inf,inf,inf,inf,inf,inf,inf,inf,inf,inf,inf,inf,inf,inf,inf,inf,inf,inf,inf,inf,inf,inf,inf,inf,inf,inf,inf,inf,inf,1.61,1.57,1.56,1.51,1.45,1.40,1.34,1.26,1.18,1.13,1.05,0.96,0.92,0.90,0.89,inf,inf,inf,inf,inf,inf,inf,inf,inf,inf,inf,inf,inf,inf,inf,inf,inf,inf,inf,inf,inf,inf,inf,inf,inf,inf,inf,inf,inf,inf,inf,inf,inf
